Tournament,Matchday,Date,Venue,Club,Opponent,Result,Position,Minute,When Scored,Goal Type,Assist
2ª B - Grupo III ,2,05/09/04,Home,FC Barcelona B,Girona FC,1:2,LW,65',1:2,Left-footed shot,Dani Fernández
2ª B - Grupo III ,4,18/09/04,Home,FC Barcelona B,RCD Espanyol B,2:0,LW,88',2:0,Left-footed shot,Dani Fernández
2ª B - Grupo III ,10,31/10/04,Away,FC Barcelona B,Villajoyosa CF,2:1,AM,2',0:1,Not reported,Not Applicable
2ª B - Grupo III ,14,28/11/04,Away,FC Barcelona B,UE Figueres,2:2,AM,20',0:1,Not reported,Not Applicable
2ª B - Grupo III ,17,19/12/04,Home,FC Barcelona B,CD Alcoyano,2:0,CF,40',2:0,Left-footed shot,Not Applicable
2ª B - Grupo III ,33,23/04/05,Home,FC Barcelona B,UE Figueres,2:2,AM,15',2:0,Right-footed shot,Paco Montañés
LaLiga ,34,01/05/05,Home,FC Barcelona,Albacete Balompié,2:0,CF,90'+1,2:0,Left-footed shot,Ronaldinho
Champions League ,Gruppenphase,02/11/05,Home,FC Barcelona,Panathinaikos FC,5:0,RW,34',3:0,Left-footed shot,Not Applicable
LaLiga ,13,27/11/05,Home,FC Barcelona,Racing Santander,4:1,RW,51',2:0,Left-footed shot,Samuel Eto'o
LaLiga ,19,15/01/06,Home,FC Barcelona,Athletic Bilbao,2:1,RW,50',2:1,Left-footed shot,Mark van Bommel
LaLiga ,20,22/01/06,Home,FC Barcelona,Deportivo Alavés,2:0,CF,82',2:0,Left-footed shot,Ronaldinho
LaLiga ,21,29/01/06,Away,FC Barcelona,RCD Mallorca,0:3,CF,75',0:2,Right-footed shot,Sylvinho
LaLiga ,21,29/01/06,Away,FC Barcelona,RCD Mallorca,0:3,CF,83',0:3,Left-footed shot,Ronaldinho
Copa del Rey ,Viertelfinale,01/02/06,Home,FC Barcelona,Real Zaragoza,2:1,CF,42',1:0,Header,Ludovic Giuly
LaLiga ,24,18/02/06,Home,FC Barcelona,Real Betis Balompié,5:1,RW,84',5:1,Left-footed shot,Not Applicable
LaLiga ,1,28/08/06,Away,FC Barcelona,Celta de Vigo,2:3,LW,59',1:2,Left-footed shot,Andrés Iniesta
LaLiga ,2,09/09/06,Home,FC Barcelona,CA Osasuna,3:0,RW,36',3:0,Left-footed shot,Samuel Eto'o
Champions League ,Gruppenphase,27/09/06,Away,FC Barcelona,SV Werder Bremen,1:1,RW,89',1:1,Left-footed shot,Deco
LaLiga ,6,15/10/06,Home,FC Barcelona,Sevilla FC,3:1,RW,80',3:1,Right-footed shot,Xavi
LaLiga ,26,10/03/07,Home,FC Barcelona,Real Madrid,3:3,RW,11',1:1,Left-footed shot,Samuel Eto'o
LaLiga ,26,10/03/07,Home,FC Barcelona,Real Madrid,3:3,RW,28',2:2,Left-footed shot,Not Applicable
LaLiga ,26,10/03/07,Home,FC Barcelona,Real Madrid,3:3,RW,90'+1,3:3,Left-footed shot,Ronaldinho
LaLiga ,27,17/03/07,Away,FC Barcelona,Recreativo Huelva,0:4,RW,86',0:4,Left-footed shot,Not Applicable
LaLiga ,28,31/03/07,Home,FC Barcelona,Deportivo de La Coruña,2:1,RW,45',1:0,Left-footed shot,Ronaldinho
Copa del Rey ,Halbfinale,18/04/07,Home,FC Barcelona,Getafe CF,5:2,RW,29',2:0,Solo run,Xavi
Copa del Rey ,Halbfinale,18/04/07,Home,FC Barcelona,Getafe CF,5:2,RW,45',3:0,Left-footed shot,Deco
LaLiga ,35,20/05/07,Away,FC Barcelona,Atlético de Madrid,0:6,RW,39',0:1,Left-footed shot,Samuel Eto'o
LaLiga ,35,20/05/07,Away,FC Barcelona,Atlético de Madrid,0:6,RW,80',0:5,Left-footed shot,Giovanni van Bronckhorst
LaLiga ,37,09/06/07,Home,FC Barcelona,RCD Espanyol Barcelona,2:2,RW,43',1:1,Not reported,Gianluca Zambrotta
LaLiga ,37,09/06/07,Home,FC Barcelona,RCD Espanyol Barcelona,2:2,RW,57',2:1,Right-footed shot,Deco
LaLiga ,38,17/06/07,Away,FC Barcelona,Gimnàstic de Tarragona,1:5,RW,34',0:2,Left-footed shot,Deco
LaLiga ,38,17/06/07,Away,FC Barcelona,Gimnàstic de Tarragona,1:5,RW,51',0:4,Left-footed shot,Deco
Champions League ,Gruppenphase,19/09/07,Home,FC Barcelona,Olympique Lyon,3:0,RW,82',2:0,Left-footed shot,Andrés Iniesta
LaLiga ,4,22/09/07,Home,FC Barcelona,Sevilla FC,2:1,RW,72',1:0,Left-footed shot,Thierry Henry
LaLiga ,4,22/09/07,Home,FC Barcelona,Sevilla FC,2:1,RW,79',2:0,Penalty,Not Applicable
LaLiga ,5,26/09/07,Home,FC Barcelona,Real Zaragoza,4:1,RW,5',1:0,Left-footed shot,Thierry Henry
LaLiga ,5,26/09/07,Home,FC Barcelona,Real Zaragoza,4:1,RW,10',2:1,Left-footed shot,Deco
LaLiga ,6,29/09/07,Away,FC Barcelona,Levante UD,1:4,RW,50',0:4,Left-footed shot,Deco
Champions League ,Gruppenphase,02/10/07,Away,FC Barcelona,VfB Stuttgart,0:2,RW,66',0:2,Deflected shot on goal,Thierry Henry
LaLiga ,7,07/10/07,Home,FC Barcelona,Atlético de Madrid,3:0,RW,19',2:0,Left-footed shot,Ronaldinho
LaLiga ,9,28/10/07,Home,FC Barcelona,UD Almería,2:0,RW,80',2:0,Penalty,Not Applicable
Champions League ,Gruppenphase,07/11/07,Home,FC Barcelona,Rangers FC,2:0,RW,41',2:0,Tap-in,Not Applicable
LaLiga ,13,24/11/07,Home,FC Barcelona,Recreativo Huelva,3:0,RW,81',3:0,Penalty,Not Applicable
Champions League ,Gruppenphase,27/11/07,Away,FC Barcelona,Olympique Lyon,2:2,RW,58',1:2,Penalty,Not Applicable
Champions League ,Achtelfinale,20/02/08,Away,FC Barcelona,Celtic FC,2:3,RW,18',1:1,Left-footed shot,Deco
Champions League ,Achtelfinale,20/02/08,Away,FC Barcelona,Celtic FC,2:3,RW,79',2:3,Left-footed shot,Not Applicable
LaLiga ,25,24/02/08,Home,FC Barcelona,Levante UD,5:1,RW,44',2:1,Left-footed shot,Xavi
LaLiga ,35,04/05/08,Home,FC Barcelona,Valencia CF,6:0,RW,5',1:0,Penalty,Not Applicable
LaLiga ,2,13/09/08,Home,FC Barcelona,Racing Santander,1:1,RW,70',1:0,Penalty,Not Applicable
LaLiga ,3,21/09/08,Away,FC Barcelona,Sporting Gijón,1:6,RW,85',1:5,Left-footed shot,Andrés Iniesta
LaLiga ,3,21/09/08,Away,FC Barcelona,Sporting Gijón,1:6,RW,89',1:6,Header,Xavi
LaLiga ,5,27/09/08,Away,FC Barcelona,RCD Espanyol Barcelona,1:2,RW,90',1:2,Penalty,Not Applicable
Champions League ,Gruppenphase,01/10/08,Away,FC Barcelona,Shakhtar Donetsk,1:2,RW,87',1:1,Right-footed shot,Bojan Krkic
Champions League ,Gruppenphase,01/10/08,Away,FC Barcelona,Shakhtar Donetsk,1:2,RW,90'+4,1:2,Left-footed shot,Xavi
LaLiga ,6,04/10/08,Home,FC Barcelona,Atlético de Madrid,6:1,RW,8',3:0,Direct free kick,Not Applicable
Champions League ,Gruppenphase,22/10/08,Away,FC Barcelona,FC Basel 1893,0:5,CF,4',0:1,Left-footed shot,Dani Alves
LaLiga ,9,01/11/08,Away,FC Barcelona,Málaga CF,1:4,RW,19',1:2,Left-footed shot,Not Applicable
Champions League ,Gruppenphase,04/11/08,Home,FC Barcelona,FC Basel 1893,1:1,RW,61',1:0,Left-footed shot,Thierry Henry
Copa del Rey ,4.Runde,12/11/08,Home,FC Barcelona,Benidorm CD,1:0,RW,86',1:0,Penalty rebound,Not Applicable
LaLiga ,11,16/11/08,Away,FC Barcelona,Recreativo Huelva,0:2,RW,51',0:1,Left-footed shot,Xavi
Champions League ,Gruppenphase,26/11/08,Away,FC Barcelona,Sporting CP,2:5,RW,49',0:3,Left-footed shot,Dani Alves
LaLiga ,13,29/11/08,Away,FC Barcelona,Sevilla FC,0:3,RW,78',0:2,Left-footed shot,Xavi
LaLiga ,13,29/11/08,Away,FC Barcelona,Sevilla FC,0:3,RW,90'+2,0:3,Left-footed shot,Aleksandr Hleb
LaLiga ,15,13/12/08,Home,FC Barcelona,Real Madrid,2:0,RW,90'+1,2:0,Counter attack goal,Thierry Henry
Copa del Rey ,Achtelfinale,06/01/09,Away,FC Barcelona,Atlético de Madrid,1:3,RW,11',0:1,Left-footed shot,Dani Alves
Copa del Rey ,Achtelfinale,06/01/09,Away,FC Barcelona,Atlético de Madrid,1:3,RW,57',0:2,Penalty,Not Applicable
Copa del Rey ,Achtelfinale,06/01/09,Away,FC Barcelona,Atlético de Madrid,1:3,RW,79',1:3,Right-footed shot,Andrés Iniesta
LaLiga ,18,11/01/09,Away,FC Barcelona,CA Osasuna,2:3,RW,84',2:3,Left-footed shot,Dani Alves
LaLiga ,19,17/01/09,Home,FC Barcelona,Deportivo de La Coruña,5:0,RW,21',1:0,Left-footed shot,Not Applicable
LaLiga ,20,24/01/09,Home,FC Barcelona,CD Numancia,4:1,RW,49',1:0,Left-footed shot,Dani Alves
LaLiga ,20,24/01/09,Home,FC Barcelona,CD Numancia,4:1,RW,76',4:1,Right-footed shot,Not Applicable
LaLiga ,21,01/02/09,Away,FC Barcelona,Racing Santander,1:2,RW,65',1:1,Right-footed shot,Xavi
LaLiga ,21,01/02/09,Away,FC Barcelona,Racing Santander,1:2,RW,81',1:2,Right-footed shot,Not Applicable
LaLiga ,25,01/03/09,Away,FC Barcelona,Atlético de Madrid,4:3,RW,30',0:2,Left-footed shot,Not Applicable
Copa del Rey ,Halbfinale,04/03/09,Away,FC Barcelona,RCD Mallorca,1:1,RW,81',1:1,Left-footed shot,Gerard Piqué
LaLiga ,26,07/03/09,Home,FC Barcelona,Athletic Bilbao,2:0,RW,31',2:0,Penalty,Not Applicable
Champions League ,Achtelfinale,11/03/09,Home,FC Barcelona,Olympique Lyon,5:2,RW,40',3:0,Left-footed shot,Samuel Eto'o
LaLiga ,28,22/03/09,Home,FC Barcelona,Málaga CF,6:0,RW,26',2:0,Right-footed shot,Xavi
Champions League ,Viertelfinale,08/04/09,Home,FC Barcelona,Bayern Munich,4:0,RW,9',1:0,Left-footed shot,Samuel Eto'o
Champions League ,Viertelfinale,08/04/09,Home,FC Barcelona,Bayern Munich,4:0,RW,38',3:0,Right-footed shot,Thierry Henry
LaLiga ,31,18/04/09,Away,FC Barcelona,Getafe CF,0:1,RW,18',0:1,Left-footed shot,Xavi
LaLiga ,33,25/04/09,Away,FC Barcelona,Valencia CF,2:2,RW,23',0:1,Left-footed shot,Andrés Iniesta
LaLiga ,34,02/05/09,Away,FC Barcelona,Real Madrid,2:6,CF,35',1:3,Left-footed shot,Xavi
LaLiga ,34,02/05/09,Away,FC Barcelona,Real Madrid,2:6,CF,75',2:5,Left-footed shot,Xavi
Copa del Rey ,Finale,13/05/09,Home,FC Barcelona,Athletic Bilbao,4:1,RW,55',2:1,Left-footed shot,Samuel Eto'o
Champions League ,Finale,27/05/09,Home,FC Barcelona,Manchester United,2:0,RW,70',2:0,Header,Xavi
Supercopa ,Finale,23/08/09,Home,FC Barcelona,Athletic Bilbao,3:0,RW,50',1:0,Right-footed shot,Zlatan Ibrahimović
Supercopa ,Finale,23/08/09,Home,FC Barcelona,Athletic Bilbao,3:0,RW,68',2:0,Penalty,Not Applicable
LaLiga ,2,12/09/09,Away,FC Barcelona,Getafe CF,0:2,RW,78',0:2,Header,Zlatan Ibrahimović
LaLiga ,3,19/09/09,Home,FC Barcelona,Atlético de Madrid,5:2,RW,15',2:0,Left-footed shot,Xavi
LaLiga ,3,19/09/09,Home,FC Barcelona,Atlético de Madrid,5:2,RW,90'+3,5:2,Right-footed shot,Dani Alves
LaLiga ,4,22/09/09,Away,FC Barcelona,Racing Santander,1:4,RW,23',0:2,Left-footed shot,Xavi
LaLiga ,4,22/09/09,Away,FC Barcelona,Racing Santander,1:4,RW,63',0:4,Left-footed shot,Xavi
Champions League ,Gruppenphase,29/09/09,Home,FC Barcelona,Dynamo Kyiv,2:0,RW,25',1:0,Left-footed shot,Andrés Iniesta
LaLiga ,8,25/10/09,Home,FC Barcelona,Real Zaragoza,6:1,RW,80',5:1,Left-footed shot,Andrés Iniesta
LaLiga ,10,07/11/09,Home,FC Barcelona,RCD Mallorca,4:2,RW,86',4:1,Penalty,Not Applicable
Copa del Rey ,4.Runde,10/11/09,Home,FC Barcelona,Cultural Leonesa,5:0,RW,64',4:0,Left-footed shot,Pedro
LaLiga ,13,05/12/09,Away,FC Barcelona,Deportivo de La Coruña,1:3,RW,26',0:1,Left-footed shot,Dani Alves
LaLiga ,13,05/12/09,Away,FC Barcelona,Deportivo de La Coruña,1:3,RW,80',1:2,Header,Pedro
Champions League ,Gruppenphase,09/12/09,Away,FC Barcelona,Dynamo Kyiv,1:2,RW,86',1:2,Direct free kick,Not Applicable
Club World Cup ,Halbfinale,16/12/09,Away,FC Barcelona,CF Atlante,1:3,RW,55',1:2,Left-footed shot,Zlatan Ibrahimović
Club World Cup ,Finale,19/12/09,Away,FC Barcelona,Club Estudiantes de La Plata,1:2,RW,110',1:2,Chest,Dani Alves
LaLiga ,17,10/01/10,Away,FC Barcelona,CD Tenerife,0:5,RW,36',0:1,Left-footed shot,Bojan Krkic
LaLiga ,17,10/01/10,Away,FC Barcelona,CD Tenerife,0:5,RW,45',0:3,Right-footed shot,Bojan Krkic
LaLiga ,17,10/01/10,Away,FC Barcelona,CD Tenerife,0:5,RW,75',0:4,Left-footed shot,Bojan Krkic
LaLiga ,18,16/01/10,Home,FC Barcelona,Sevilla FC,4:0,RW,85',3:0,Left-footed shot,Dani Alves
LaLiga ,18,16/01/10,Home,FC Barcelona,Sevilla FC,4:0,RW,90'+1,4:0,Left-footed shot,Éric Abidal
LaLiga ,19,23/01/10,Away,FC Barcelona,Real Valladolid CF,0:3,RW,54',0:3,Left-footed shot,Zlatan Ibrahimović
LaLiga ,21,06/02/10,Home,FC Barcelona,Getafe CF,2:1,RW,7',1:0,Left-footed shot,Yaya Touré
LaLiga ,24,27/02/10,Home,FC Barcelona,Málaga CF,2:1,AM,84',2:1,Right-footed shot,Dani Alves
LaLiga ,25,06/03/10,Away,FC Barcelona,UD Almería,2:2,RW,42',1:1,Direct free kick,Not Applicable
LaLiga ,25,06/03/10,Away,FC Barcelona,UD Almería,2:2,RW,66',2:2,Left-footed shot,Not Applicable
LaLiga ,26,14/03/10,Home,FC Barcelona,Valencia CF,3:0,CF,56',1:0,Left-footed shot,Xavi
LaLiga ,26,14/03/10,Home,FC Barcelona,Valencia CF,3:0,CF,80',2:0,Left-footed shot,Thierry Henry
LaLiga ,26,14/03/10,Home,FC Barcelona,Valencia CF,3:0,CF,82',3:0,Right-footed shot,Thierry Henry
Champions League ,Achtelfinale,17/03/10,Home,FC Barcelona,VfB Stuttgart,4:0,CF,13',1:0,Left-footed shot,Yaya Touré
Champions League ,Achtelfinale,17/03/10,Home,FC Barcelona,VfB Stuttgart,4:0,CF,56',3:0,Left-footed shot,Dani Alves
LaLiga ,27,21/03/10,Away,FC Barcelona,Real Zaragoza,2:4,RW,4',0:1,Header,Pedro
LaLiga ,27,21/03/10,Away,FC Barcelona,Real Zaragoza,2:4,RW,65',0:2,Left-footed shot,Not Applicable
LaLiga ,27,21/03/10,Away,FC Barcelona,Real Zaragoza,2:4,RW,78',0:3,Left-footed shot,Andrés Iniesta
LaLiga ,30,03/04/10,Home,FC Barcelona,Athletic Bilbao,4:1,CF,67',4:0,Left-footed shot,Pedro
Champions League ,Viertelfinale,06/04/10,Home,FC Barcelona,Arsenal FC,4:1,CF,21',1:1,Left-footed shot,Not Applicable
Champions League ,Viertelfinale,06/04/10,Home,FC Barcelona,Arsenal FC,4:1,CF,37',2:1,Right-footed shot,Pedro
Champions League ,Viertelfinale,06/04/10,Home,FC Barcelona,Arsenal FC,4:1,CF,42',3:1,Left-footed shot,Seydou Keita
Champions League ,Viertelfinale,06/04/10,Home,FC Barcelona,Arsenal FC,4:1,CF,88',4:1,Solo run,Not Applicable
LaLiga ,31,10/04/10,Away,FC Barcelona,Real Madrid,0:2,CF,32',0:1,Right-footed shot,Xavi
LaLiga ,35,01/05/10,Away,FC Barcelona,Villarreal CF,1:4,CF,18',0:1,Left-footed shot,Xavi
LaLiga ,35,01/05/10,Away,FC Barcelona,Villarreal CF,1:4,CF,87',1:4,Left-footed shot,Dani Alves
LaLiga ,36,04/05/10,Home,FC Barcelona,CD Tenerife,4:1,RW,16',1:0,Right-footed shot,Zlatan Ibrahimović
LaLiga ,36,04/05/10,Home,FC Barcelona,CD Tenerife,4:1,RW,90'+3,4:1,Right-footed shot,Dani Alves
LaLiga ,37,08/05/10,Away,FC Barcelona,Sevilla FC,2:3,CF,5',0:1,Left-footed shot,Maxwell
LaLiga ,38,16/05/10,Home,FC Barcelona,Real Valladolid CF,4:0,CF,61',3:0,Right-footed shot,Yaya Touré
LaLiga ,38,16/05/10,Home,FC Barcelona,Real Valladolid CF,4:0,CF,74',4:0,Left-footed shot,Yaya Touré
Supercopa ,Finale,21/08/10,Home,FC Barcelona,Sevilla FC,4:0,RW,25',2:0,Left-footed shot,Xavi
Supercopa ,Finale,21/08/10,Home,FC Barcelona,Sevilla FC,4:0,RW,43',3:0,Right-footed shot,Dani Alves
Supercopa ,Finale,21/08/10,Home,FC Barcelona,Sevilla FC,4:0,RW,90'+1,4:0,Left-footed shot,Andrés Iniesta
LaLiga ,1,29/08/10,Away,FC Barcelona,Racing Santander,0:3,RW,3',0:1,Left-footed shot,Andrés Iniesta
Champions League ,Gruppenphase,14/09/10,Home,FC Barcelona,Panathinaikos FC,5:1,CF,22',1:1,Left-footed shot,Xavi
Champions League ,Gruppenphase,14/09/10,Home,FC Barcelona,Panathinaikos FC,5:1,CF,45',3:1,Left-footed shot,Pedro
LaLiga ,3,19/09/10,Away,FC Barcelona,Atlético de Madrid,1:2,CF,12',0:1,Left-footed shot,Pedro
LaLiga ,6,03/10/10,Home,FC Barcelona,RCD Mallorca,1:1,CF,20',1:0,Left-footed shot,Pedro
Champions League ,Gruppenphase,20/10/10,Home,FC Barcelona,FC Copenhagen,2:0,CF,18',1:0,Left-footed shot,Andrés Iniesta
Champions League ,Gruppenphase,20/10/10,Home,FC Barcelona,FC Copenhagen,2:0,CF,90'+1,2:0,Left-footed shot,Éric Abidal
LaLiga ,8,23/10/10,Away,FC Barcelona,Real Zaragoza,0:2,CF,41',0:1,Left-footed shot,David Villa
LaLiga ,8,23/10/10,Away,FC Barcelona,Real Zaragoza,0:2,CF,65',0:2,Left-footed shot,Not Applicable
LaLiga ,9,30/10/10,Home,FC Barcelona,Sevilla FC,5:0,CF,4',1:0,Left-footed shot,Not Applicable
LaLiga ,9,30/10/10,Home,FC Barcelona,Sevilla FC,5:0,CF,63',4:0,Left-footed shot,Not Applicable
Champions League ,Gruppenphase,02/11/10,Away,FC Barcelona,FC Copenhagen,1:1,RW,31',0:1,Right-footed shot,Not Applicable
LaLiga ,10,07/11/10,Away,FC Barcelona,Getafe CF,1:3,CF,23',0:1,Left-footed shot,David Villa
Copa del Rey ,4.Runde,10/11/10,Home,FC Barcelona,Club Atlético de Ceuta,5:1,RW,67',5:1,Left-footed shot,Thiago Alcántara
LaLiga ,11,13/11/10,Home,FC Barcelona,Villarreal CF,3:1,CF,58',2:1,Right-footed shot,Pedro
LaLiga ,11,13/11/10,Home,FC Barcelona,Villarreal CF,3:1,CF,83',3:1,Left-footed shot,Pedro
LaLiga ,12,20/11/10,Away,FC Barcelona,UD Almería,0:8,CF,16',0:1,Left-footed shot,David Villa
LaLiga ,12,20/11/10,Away,FC Barcelona,UD Almería,0:8,CF,36',0:5,Tap-in,Not Applicable
LaLiga ,12,20/11/10,Away,FC Barcelona,UD Almería,0:8,CF,67',0:7,Tap-in,David Villa
Champions League ,Gruppenphase,24/11/10,Away,FC Barcelona,Panathinaikos FC,0:3,CF,63',0:2,Left-footed shot,Adriano
LaLiga ,14,04/12/10,Away,FC Barcelona,CA Osasuna,0:3,CF,64',0:2,Left-footed shot,David Villa
LaLiga ,14,04/12/10,Away,FC Barcelona,CA Osasuna,0:3,CF,82',0:3,Penalty,Not Applicable
LaLiga ,15,12/12/10,Home,FC Barcelona,Real Sociedad,5:0,CF,46',3:0,Left-footed shot,Dani Alves
LaLiga ,15,12/12/10,Home,FC Barcelona,Real Sociedad,5:0,CF,86',4:0,Left-footed shot,Bojan Krkic
LaLiga ,18,08/01/11,Away,FC Barcelona,Deportivo de La Coruña,0:4,CF,51',0:2,Direct free kick,Not Applicable
Copa del Rey ,Viertelfinale,12/01/11,Home,FC Barcelona,Real Betis Balompié,5:0,CF,44',1:0,Left-footed shot,Andrés Iniesta
Copa del Rey ,Viertelfinale,12/01/11,Home,FC Barcelona,Real Betis Balompié,5:0,CF,63',2:0,Left-footed shot,Not Applicable
Copa del Rey ,Viertelfinale,12/01/11,Home,FC Barcelona,Real Betis Balompié,5:0,CF,73',3:0,Left-footed shot,Xavi
Copa del Rey ,Viertelfinale,19/01/11,Away,FC Barcelona,Real Betis Balompié,3:1,RW,37',2:1,Left-footed shot,Xavi
LaLiga ,20,22/01/11,Home,FC Barcelona,Racing Santander,3:0,CF,33',2:0,Penalty,Not Applicable
Copa del Rey ,Halbfinale,26/01/11,Home,FC Barcelona,UD Almería,5:0,CF,9',1:0,Left-footed shot,Pedro
Copa del Rey ,Halbfinale,26/01/11,Home,FC Barcelona,UD Almería,5:0,CF,15',3:0,Left-footed shot,Andrés Iniesta
LaLiga ,21,29/01/11,Away,FC Barcelona,Hércules CF,0:3,CF,87',0:2,Left-footed shot,Dani Alves
LaLiga ,21,29/01/11,Away,FC Barcelona,Hércules CF,0:3,CF,89',0:3,Left-footed shot,Dani Alves
LaLiga ,22,05/02/11,Home,FC Barcelona,Atlético de Madrid,3:0,CF,16',1:0,Left-footed shot,Dani Alves
LaLiga ,22,05/02/11,Home,FC Barcelona,Atlético de Madrid,3:0,CF,28',2:0,Left-footed shot,Pedro
LaLiga ,22,05/02/11,Home,FC Barcelona,Atlético de Madrid,3:0,CF,78',3:0,Left-footed shot,David Villa
LaLiga ,24,20/02/11,Home,FC Barcelona,Athletic Bilbao,2:1,CF,78',2:1,Right-footed shot,Dani Alves
LaLiga ,25,26/02/11,Away,FC Barcelona,RCD Mallorca,0:3,CF,38',0:1,Header,Seydou Keita
LaLiga ,26,02/03/11,Away,FC Barcelona,Valencia CF,0:1,CF,77',0:1,Left-footed shot,Adriano
Champions League ,Achtelfinale,08/03/11,Home,FC Barcelona,Arsenal FC,3:1,CF,49',1:0,Left-footed shot,Andrés Iniesta
Champions League ,Achtelfinale,08/03/11,Home,FC Barcelona,Arsenal FC,3:1,CF,72',3:1,Penalty,Not Applicable
LaLiga ,31,09/04/11,Home,FC Barcelona,UD Almería,3:1,CF,52',1:1,Penalty,Not Applicable
LaLiga ,31,09/04/11,Home,FC Barcelona,UD Almería,3:1,CF,90'+1,3:1,Left-footed shot,Seydou Keita
Champions League ,Viertelfinale,12/04/11,Away,FC Barcelona,Shakhtar Donetsk,0:1,CF,42',0:1,Left-footed shot,Dani Alves
LaLiga ,32,16/04/11,Away,FC Barcelona,Real Madrid,1:1,CF,53',0:1,Penalty,Not Applicable
LaLiga ,33,23/04/11,Home,FC Barcelona,CA Osasuna,2:0,CF,87',2:0,Right-footed shot,Dani Alves
Champions League ,Halbfinale,27/04/11,Away,FC Barcelona,Real Madrid,0:2,CF,76',0:1,Left-footed shot,Ibrahim Afellay
Champions League ,Halbfinale,27/04/11,Away,FC Barcelona,Real Madrid,0:2,CF,87',0:2,Solo run,Sergio Busquets
Champions League ,Finale,28/05/11,Home,FC Barcelona,Manchester United,3:1,CF,54',2:1,Left-footed shot,Andrés Iniesta
Supercopa ,Finale,14/08/11,Away,FC Barcelona,Real Madrid,2:2,CF,45',1:2,Left-footed shot,Alexis Sánchez
Supercopa ,Finale,17/08/11,Home,FC Barcelona,Real Madrid,3:2,CF,44',2:1,Right-footed shot,Gerard Piqué
Supercopa ,Finale,17/08/11,Home,FC Barcelona,Real Madrid,3:2,CF,88',3:2,Left-footed shot,Adriano
UEFA Super Cup ,Finale,26/08/11,Home,FC Barcelona,FC Porto,2:0,CF,39',1:0,Left-footed shot,Not Applicable
LaLiga ,2,29/08/11,Home,FC Barcelona,Villarreal CF,5:0,CF,51',4:0,Right-footed shot,Andrés Iniesta
LaLiga ,2,29/08/11,Home,FC Barcelona,Villarreal CF,5:0,CF,74',5:0,Left-footed shot,Thiago Alcántara
LaLiga ,4,17/09/11,Home,FC Barcelona,CA Osasuna,8:0,CF,5',1:0,Left-footed shot,Dani Alves
LaLiga ,4,17/09/11,Home,FC Barcelona,CA Osasuna,8:0,CF,41',5:0,Left-footed shot,Cesc Fàbregas
LaLiga ,4,17/09/11,Home,FC Barcelona,CA Osasuna,8:0,CF,79',8:0,Left-footed shot,Cesc Fàbregas
LaLiga ,6,24/09/11,Home,FC Barcelona,Atlético de Madrid,5:0,CF,26',3:0,Left-footed shot,Pedro
LaLiga ,6,24/09/11,Home,FC Barcelona,Atlético de Madrid,5:0,CF,78',4:0,Left-footed shot,Dani Alves
LaLiga ,6,24/09/11,Home,FC Barcelona,Atlético de Madrid,5:0,CF,90'+1,5:0,Left-footed shot,David Villa
Champions League ,Gruppenphase,28/09/11,Away,FC Barcelona,BATE Borisov,0:5,CF,38',0:3,Header,Not Applicable
Champions League ,Gruppenphase,28/09/11,Away,FC Barcelona,BATE Borisov,0:5,CF,56',0:4,Left-footed shot,Dani Alves
LaLiga ,8,15/10/11,Home,FC Barcelona,Racing Santander,3:0,CF,11',1:0,Right-footed shot,Andrés Iniesta
LaLiga ,8,15/10/11,Home,FC Barcelona,Racing Santander,3:0,CF,69',3:0,Right-footed shot,Not Applicable
LaLiga ,11,29/10/11,Home,FC Barcelona,RCD Mallorca,5:0,CF,13',1:0,Penalty,Not Applicable
LaLiga ,11,29/10/11,Home,FC Barcelona,RCD Mallorca,5:0,CF,21',2:0,Right-footed shot,Adriano
LaLiga ,11,29/10/11,Home,FC Barcelona,RCD Mallorca,5:0,CF,30',3:0,Left-footed shot,Dani Alves
Champions League ,Gruppenphase,01/11/11,Away,FC Barcelona,FC Viktoria Plzen,0:4,CF,24',0:1,Penalty,Not Applicable
Champions League ,Gruppenphase,01/11/11,Away,FC Barcelona,FC Viktoria Plzen,0:4,CF,45'+2,0:2,Left-footed shot,Adriano
Champions League ,Gruppenphase,01/11/11,Away,FC Barcelona,FC Viktoria Plzen,0:4,CF,90'+2,0:4,Left-footed shot,Gerard Piqué
LaLiga ,12,06/11/11,Away,FC Barcelona,Athletic Bilbao,2:2,CF,90',2:2,Left-footed shot,Not Applicable
LaLiga ,13,19/11/11,Home,FC Barcelona,Real Zaragoza,4:0,CF,43',2:0,Right-footed shot,Cesc Fàbregas
Champions League ,Gruppenphase,23/11/11,Away,FC Barcelona,AC Milan,2:3,CF,31',1:2,Penalty,Not Applicable
LaLiga ,17,29/11/11,Home,FC Barcelona,Rayo Vallecano,4:0,CF,49',4:0,Left-footed shot,Dani Alves
LaLiga ,15,03/12/11,Home,FC Barcelona,Levante UD,5:0,CF,55',4:0,Left-footed shot,Dani Alves
Club World Cup ,Finale,18/12/11,Away,FC Barcelona,Santos FC,0:4,RW,17',0:1,Left-footed shot,Xavi
Club World Cup ,Finale,18/12/11,Away,FC Barcelona,Santos FC,0:4,RW,82',0:4,Left-footed shot,Dani Alves
Copa del Rey ,Achtelfinale,04/01/12,Home,FC Barcelona,CA Osasuna,4:0,CF,71',3:0,Header,Cesc Fàbregas
Copa del Rey ,Achtelfinale,04/01/12,Home,FC Barcelona,CA Osasuna,4:0,CF,90',4:0,Left-footed shot,Xavi
LaLiga ,19,15/01/12,Home,FC Barcelona,Real Betis Balompié,4:2,CF,12',2:0,Right-footed shot,Alexis Sánchez
LaLiga ,19,15/01/12,Home,FC Barcelona,Real Betis Balompié,4:2,CF,86',4:2,Penalty,Not Applicable
LaLiga ,1,22/01/12,Away,FC Barcelona,Málaga CF,1:4,CF,32',0:1,Header,Adriano
LaLiga ,1,22/01/12,Away,FC Barcelona,Málaga CF,1:4,CF,51',0:3,Left-footed shot,Thiago Alcántara
LaLiga ,1,22/01/12,Away,FC Barcelona,Málaga CF,1:4,CF,77',0:4,Left-footed shot,Pedro
LaLiga ,22,04/02/12,Home,FC Barcelona,Real Sociedad,2:1,CF,72',2:0,Left-footed shot,Dani Alves
Champions League ,Achtelfinale,14/02/12,Away,FC Barcelona,Bayer 04 Leverkusen,1:3,CF,88',1:3,Left-footed shot,Dani Alves
LaLiga ,24,19/02/12,Home,FC Barcelona,Valencia CF,5:1,CF,21',1:1,Left-footed shot,Not Applicable
LaLiga ,24,19/02/12,Home,FC Barcelona,Valencia CF,5:1,CF,27',2:1,Tap-in,Not Applicable
LaLiga ,24,19/02/12,Home,FC Barcelona,Valencia CF,5:1,CF,75',3:1,Left-footed shot,Cristian Tello
LaLiga ,24,19/02/12,Home,FC Barcelona,Valencia CF,5:1,CF,84',4:1,Left-footed shot,Sergio Busquets
LaLiga ,25,26/02/12,Away,FC Barcelona,Atlético de Madrid,1:2,CF,79',1:2,Direct free kick,Not Applicable
Champions League ,Achtelfinale,07/03/12,Home,FC Barcelona,Bayer 04 Leverkusen,7:1,CF,25',1:0,Left-footed shot,Xavi
Champions League ,Achtelfinale,07/03/12,Home,FC Barcelona,Bayer 04 Leverkusen,7:1,CF,42',2:0,Left-footed shot,Andrés Iniesta
Champions League ,Achtelfinale,07/03/12,Home,FC Barcelona,Bayer 04 Leverkusen,7:1,CF,50',3:0,Right-footed shot,Cesc Fàbregas
Champions League ,Achtelfinale,07/03/12,Home,FC Barcelona,Bayer 04 Leverkusen,7:1,CF,58',5:0,Left-footed shot,Not Applicable
Champions League ,Achtelfinale,07/03/12,Home,FC Barcelona,Bayer 04 Leverkusen,7:1,CF,85',7:0,Left-footed shot,Seydou Keita
LaLiga ,27,11/03/12,Away,FC Barcelona,Racing Santander,0:2,CF,29',0:1,Left-footed shot,Cesc Fàbregas
LaLiga ,27,11/03/12,Away,FC Barcelona,Racing Santander,0:2,CF,56',0:2,Penalty,Not Applicable
LaLiga ,28,17/03/12,Away,FC Barcelona,Sevilla FC,0:2,CF,25',0:2,Left-footed shot,Andrés Iniesta
LaLiga ,29,20/03/12,Home,FC Barcelona,Granada CF,5:3,CF,16',2:0,Left-footed shot,Isaac Cuenca
LaLiga ,29,20/03/12,Home,FC Barcelona,Granada CF,5:3,CF,66',3:2,Left-footed shot,Dani Alves
LaLiga ,29,20/03/12,Home,FC Barcelona,Granada CF,5:3,CF,85',5:2,Left-footed shot,Dani Alves
LaLiga ,30,24/03/12,Away,FC Barcelona,RCD Mallorca,0:2,CF,25',0:1,Direct free kick,Not Applicable
LaLiga ,31,31/03/12,Home,FC Barcelona,Athletic Bilbao,2:0,CF,57',2:0,Penalty,Not Applicable
Champions League ,Viertelfinale,03/04/12,Home,FC Barcelona,AC Milan,3:1,RW,11',1:0,Penalty,Not Applicable
Champions League ,Viertelfinale,03/04/12,Home,FC Barcelona,AC Milan,3:1,RW,42',2:1,Penalty,Not Applicable
LaLiga ,32,07/04/12,Away,FC Barcelona,Real Zaragoza,1:4,CF,39',1:2,Left-footed shot,Alexis Sánchez
LaLiga ,32,07/04/12,Away,FC Barcelona,Real Zaragoza,1:4,CF,86',1:3,Penalty,Not Applicable
LaLiga ,33,10/04/12,Home,FC Barcelona,Getafe CF,4:0,CF,44',2:0,Left-footed shot,Andrés Iniesta
LaLiga ,34,14/04/12,Away,FC Barcelona,Levante UD,1:2,CF,64',1:1,Left-footed shot,Alexis Sánchez
LaLiga ,34,14/04/12,Away,FC Barcelona,Levante UD,1:2,CF,73',1:2,Penalty,Not Applicable
LaLiga ,36,29/04/12,Away,FC Barcelona,Rayo Vallecano,0:7,CF,16',0:1,Left-footed shot,Pedro
LaLiga ,36,29/04/12,Away,FC Barcelona,Rayo Vallecano,0:7,CF,88',0:7,Left-footed shot,Pedro
LaLiga ,20,02/05/12,Home,FC Barcelona,Málaga CF,4:1,CF,34',2:1,Penalty,Not Applicable
LaLiga ,20,02/05/12,Home,FC Barcelona,Málaga CF,4:1,CF,60',3:1,Penalty,Not Applicable
LaLiga ,20,02/05/12,Home,FC Barcelona,Málaga CF,4:1,CF,63',4:1,Left-footed shot,Andrés Iniesta
LaLiga ,37,05/05/12,Home,FC Barcelona,RCD Espanyol Barcelona,4:0,CF,11',1:0,Direct free kick,Not Applicable
LaLiga ,37,05/05/12,Home,FC Barcelona,RCD Espanyol Barcelona,4:0,CF,63',2:0,Penalty,Not Applicable
LaLiga ,37,05/05/12,Home,FC Barcelona,RCD Espanyol Barcelona,4:0,CF,73',3:0,Left-footed shot,Adriano
LaLiga ,37,05/05/12,Home,FC Barcelona,RCD Espanyol Barcelona,4:0,CF,78',4:0,Penalty,Not Applicable
Copa del Rey ,Finale,25/05/12,Home,FC Barcelona,Athletic Bilbao,3:0,CF,20',2:0,Right-footed shot,Andrés Iniesta
LaLiga ,1,19/08/12,Home,FC Barcelona,Real Sociedad,5:1,CF,11',2:1,Left-footed shot,Pedro
LaLiga ,1,19/08/12,Home,FC Barcelona,Real Sociedad,5:1,CF,16',3:1,Left-footed shot,Cristian Tello
Supercopa ,Finale,23/08/12,Home,FC Barcelona,Real Madrid,3:2,CF,70',2:1,Penalty,Not Applicable
LaLiga ,2,26/08/12,Away,FC Barcelona,CA Osasuna,1:2,CF,76',1:1,Left-footed shot,Alexis Sánchez
LaLiga ,2,26/08/12,Away,FC Barcelona,CA Osasuna,1:2,CF,80',1:2,Left-footed shot,Jordi Alba
Supercopa ,Finale,29/08/12,Away,FC Barcelona,Real Madrid,2:1,CF,45',2:1,Direct free kick,Not Applicable
LaLiga ,4,15/09/12,Away,FC Barcelona,Getafe CF,1:4,CF,74',0:2,Penalty,Not Applicable
LaLiga ,4,15/09/12,Away,FC Barcelona,Getafe CF,1:4,CF,78',0:3,Left-footed shot,Pedro
Champions League ,Gruppenphase,19/09/12,Home,FC Barcelona,Spartak Moscow,3:2,CF,71',2:2,Left-footed shot,Cristian Tello
Champions League ,Gruppenphase,19/09/12,Home,FC Barcelona,Spartak Moscow,3:2,CF,80',3:2,Header,Alexis Sánchez
LaLiga ,7,07/10/12,Home,FC Barcelona,Real Madrid,2:2,CF,31',1:1,Left-footed shot,Not Applicable
LaLiga ,7,07/10/12,Home,FC Barcelona,Real Madrid,2:2,CF,60',2:1,Direct free kick,Not Applicable
LaLiga ,8,20/10/12,Away,FC Barcelona,Deportivo de La Coruña,4:5,CF,17',0:3,Left-footed shot,Cesc Fàbregas
LaLiga ,8,20/10/12,Away,FC Barcelona,Deportivo de La Coruña,4:5,CF,43',2:4,Left-footed shot,Cesc Fàbregas
LaLiga ,8,20/10/12,Away,FC Barcelona,Deportivo de La Coruña,4:5,CF,76',3:5,Left-footed shot,Xavi
LaLiga ,9,27/10/12,Away,FC Barcelona,Rayo Vallecano,0:5,CF,48',0:2,Left-footed shot,Martín Montoya
LaLiga ,9,27/10/12,Away,FC Barcelona,Rayo Vallecano,0:5,CF,89',0:5,Right-footed shot,Cesc Fàbregas
Champions League ,Gruppenphase,07/11/12,Away,FC Barcelona,Celtic FC,2:1,CF,90'+1,2:1,Tap-in,Not Applicable
LaLiga ,11,11/11/12,Away,FC Barcelona,RCD Mallorca,2:4,CF,43',0:2,Left-footed shot,Sergio Busquets
LaLiga ,11,11/11/12,Away,FC Barcelona,RCD Mallorca,2:4,CF,70',2:4,Left-footed shot,Alexis Sánchez
LaLiga ,12,17/11/12,Home,FC Barcelona,Real Zaragoza,3:1,CF,15',1:0,Left-footed shot,Jordi Alba
LaLiga ,12,17/11/12,Home,FC Barcelona,Real Zaragoza,3:1,CF,60',3:1,Left-footed shot,Martín Montoya
Champions League ,Gruppenphase,20/11/12,Away,FC Barcelona,Spartak Moscow,0:3,CF,27',0:2,Right-footed shot,Not Applicable
Champions League ,Gruppenphase,20/11/12,Away,FC Barcelona,Spartak Moscow,0:3,CF,39',0:3,Left-footed shot,Pedro
LaLiga ,13,25/11/12,Away,FC Barcelona,Levante UD,0:4,CF,46',0:1,Left-footed shot,Andrés Iniesta
LaLiga ,13,25/11/12,Away,FC Barcelona,Levante UD,0:4,CF,51',0:2,Left-footed shot,Andrés Iniesta
LaLiga ,14,01/12/12,Home,FC Barcelona,Athletic Bilbao,5:1,CF,25',2:0,Left-footed shot,Xavi
LaLiga ,14,01/12/12,Home,FC Barcelona,Athletic Bilbao,5:1,CF,70',5:1,Right-footed shot,Pedro
LaLiga ,15,09/12/12,Away,FC Barcelona,Real Betis Balompié,1:2,CF,16',0:1,Left-footed shot,Andrés Iniesta
LaLiga ,15,09/12/12,Away,FC Barcelona,Real Betis Balompié,1:2,CF,25',0:2,Left-footed shot,Andrés Iniesta
Copa del Rey ,Achtelfinale,12/12/12,Away,FC Barcelona,Córdoba CF,0:2,CF,10',0:1,Left-footed shot,David Villa
Copa del Rey ,Achtelfinale,12/12/12,Away,FC Barcelona,Córdoba CF,0:2,CF,73',0:2,Left-footed shot,Alexis Sánchez
LaLiga ,16,16/12/12,Home,FC Barcelona,Atlético de Madrid,4:1,CF,58',3:1,Left-footed shot,Alexis Sánchez
LaLiga ,16,16/12/12,Home,FC Barcelona,Atlético de Madrid,4:1,CF,88',4:1,Left-footed shot,Not Applicable
LaLiga ,17,22/12/12,Away,FC Barcelona,Real Valladolid CF,1:3,CF,59',0:2,Left-footed shot,Xavi
LaLiga ,18,06/01/13,Home,FC Barcelona,RCD Espanyol Barcelona,4:0,CF,28',4:0,Penalty,Not Applicable
LaLiga ,19,13/01/13,Away,FC Barcelona,Málaga CF,1:3,CF,26',0:1,Right-footed shot,Not Applicable
Copa del Rey ,Viertelfinale,16/01/13,Home,FC Barcelona,Málaga CF,2:2,CF,29',1:1,Left-footed shot,Not Applicable
LaLiga ,20,19/01/13,Away,FC Barcelona,Real Sociedad,3:2,CF,6',0:1,Left-footed shot,Andrés Iniesta
Copa del Rey ,Viertelfinale,24/01/13,Away,FC Barcelona,Málaga CF,2:4,CF,79',2:4,Header,Dani Alves
LaLiga ,21,27/01/13,Home,FC Barcelona,CA Osasuna,5:1,CF,11',1:0,Right-footed shot,Xavi
LaLiga ,21,27/01/13,Home,FC Barcelona,CA Osasuna,5:1,CF,28',2:1,Penalty,Not Applicable
LaLiga ,21,27/01/13,Home,FC Barcelona,CA Osasuna,5:1,CF,56',4:1,Left-footed shot,David Villa
LaLiga ,21,27/01/13,Home,FC Barcelona,CA Osasuna,5:1,CF,58',5:1,Left-footed shot,Adriano
LaLiga ,22,03/02/13,Away,FC Barcelona,Valencia CF,1:1,CF,39',1:1,Penalty,Not Applicable
LaLiga ,23,10/02/13,Home,FC Barcelona,Getafe CF,6:1,CF,13',2:0,Left-footed shot,Thiago Alcántara
LaLiga ,24,16/02/13,Away,FC Barcelona,Granada CF,1:2,CF,49',1:1,Left-footed shot,Not Applicable
LaLiga ,24,16/02/13,Away,FC Barcelona,Granada CF,1:2,CF,73',1:2,Direct free kick,Not Applicable
LaLiga ,25,23/02/13,Home,FC Barcelona,Sevilla FC,2:1,CF,60',2:1,Left-footed shot,Cristian Tello
LaLiga ,26,02/03/13,Away,FC Barcelona,Real Madrid,2:1,CF,18',1:1,Left-footed shot,Dani Alves
LaLiga ,27,09/03/13,Home,FC Barcelona,Deportivo de La Coruña,2:0,CF,88',2:0,Left-footed shot,Alexis Sánchez
Champions League ,Achtelfinale,12/03/13,Home,FC Barcelona,AC Milan,4:0,CF,5',1:0,Left-footed shot,Xavi
Champions League ,Achtelfinale,12/03/13,Home,FC Barcelona,AC Milan,4:0,CF,40',2:0,Left-footed shot,Andrés Iniesta
LaLiga ,28,17/03/13,Home,FC Barcelona,Rayo Vallecano,3:1,CF,40',2:0,Left-footed shot,David Villa
LaLiga ,28,17/03/13,Home,FC Barcelona,Rayo Vallecano,3:1,CF,57',3:0,Left-footed shot,David Villa
LaLiga ,29,30/03/13,Away,FC Barcelona,Celta de Vigo,2:2,CF,73',1:2,Left-footed shot,Cristian Tello
Champions League ,Viertelfinale,02/04/13,Away,FC Barcelona,Paris Saint-Germain,2:2,CF,38',0:1,Left-footed shot,Dani Alves
LaLiga ,33,27/04/13,Away,FC Barcelona,Athletic Bilbao,2:2,CF,67',1:1,Left-footed shot,Thiago Alcántara
LaLiga ,34,05/05/13,Home,FC Barcelona,Real Betis Balompié,4:2,CF,60',3:2,Direct free kick,Not Applicable
LaLiga ,34,05/05/13,Home,FC Barcelona,Real Betis Balompié,4:2,CF,71',4:2,Left-footed shot,Alexis Sánchez
LaLiga ,1,18/08/13,Home,FC Barcelona,Levante UD,7:0,CF,13',2:0,Left-footed shot,Pedro
LaLiga ,1,18/08/13,Home,FC Barcelona,Levante UD,7:0,CF,42',5:0,Penalty,Not Applicable
LaLiga ,3,01/09/13,Away,FC Barcelona,Valencia CF,2:3,CF,11',0:1,Left-footed shot,Cesc Fàbregas
LaLiga ,3,01/09/13,Away,FC Barcelona,Valencia CF,2:3,CF,38',0:2,Right-footed shot,Cesc Fàbregas
LaLiga ,3,01/09/13,Away,FC Barcelona,Valencia CF,2:3,CF,41',0:3,Left-footed shot,Neymar
LaLiga ,4,14/09/13,Home,FC Barcelona,Sevilla FC,3:2,CF,75',2:0,Left-footed shot,Neymar
Champions League ,Gruppenphase,18/09/13,Home,FC Barcelona,Ajax Amsterdam,4:0,CF,22',1:0,Direct free kick,Not Applicable
Champions League ,Gruppenphase,18/09/13,Home,FC Barcelona,Ajax Amsterdam,4:0,CF,55',2:0,Left-footed shot,Sergio Busquets
Champions League ,Gruppenphase,18/09/13,Home,FC Barcelona,Ajax Amsterdam,4:0,CF,75',4:0,Left-footed shot,Xavi
LaLiga ,6,24/09/13,Home,FC Barcelona,Real Sociedad,4:1,CF,8',2:0,Header,Neymar
LaLiga ,7,28/09/13,Away,FC Barcelona,UD Almería,0:2,CF,21',0:1,Left-footed shot,Pedro
Champions League ,Gruppenphase,22/10/13,Away,FC Barcelona,AC Milan,1:1,CF,23',1:1,Left-footed shot,Andrés Iniesta
Champions League ,Gruppenphase,06/11/13,Home,FC Barcelona,AC Milan,3:1,CF,30',1:0,Penalty,Not Applicable
Champions League ,Gruppenphase,06/11/13,Home,FC Barcelona,AC Milan,3:1,CF,83',3:1,Left-footed shot,Cesc Fàbregas
Copa del Rey ,Achtelfinale,08/01/14,Home,FC Barcelona,Getafe CF,4:0,CF,90',3:0,Left-footed shot,Martín Montoya
Copa del Rey ,Achtelfinale,08/01/14,Home,FC Barcelona,Getafe CF,4:0,CF,90'+2,4:0,Left-footed shot,Alex Song
Copa del Rey ,Achtelfinale,16/01/14,Away,FC Barcelona,Getafe CF,0:2,CF,43',0:1,Right-footed shot,Cristian Tello
Copa del Rey ,Achtelfinale,16/01/14,Away,FC Barcelona,Getafe CF,0:2,CF,63',0:2,Left-footed shot,Not Applicable
LaLiga ,22,01/02/14,Home,FC Barcelona,Valencia CF,2:3,CF,54',2:2,Penalty,Not Applicable
LaLiga ,23,09/02/14,Away,FC Barcelona,Sevilla FC,1:4,CF,44',1:2,Left-footed shot,Pedro
LaLiga ,23,09/02/14,Away,FC Barcelona,Sevilla FC,1:4,CF,56',1:3,Left-footed shot,Andrés Iniesta
Copa del Rey ,Halbfinale,12/02/14,Away,FC Barcelona,Real Sociedad,1:1,CF,27',0:1,Solo run,Not Applicable
LaLiga ,24,15/02/14,Home,FC Barcelona,Rayo Vallecano,6:0,CF,36',2:0,Left-footed shot,Cesc Fàbregas
LaLiga ,24,15/02/14,Home,FC Barcelona,Rayo Vallecano,6:0,CF,68',5:0,Left-footed shot,Alexis Sánchez
Champions League ,Achtelfinale,18/02/14,Away,FC Barcelona,Manchester City,0:2,CF,54',0:1,Penalty,Not Applicable
LaLiga ,25,22/02/14,Away,FC Barcelona,Real Sociedad,3:1,CF,36',1:1,Left-footed shot,Martín Montoya
LaLiga ,26,02/03/14,Home,FC Barcelona,UD Almería,4:1,CF,24',2:0,Direct free kick,Not Applicable
Champions League ,Achtelfinale,12/03/14,Home,FC Barcelona,Manchester City,2:1,CF,67',1:0,Left-footed shot,Not Applicable
LaLiga ,28,16/03/14,Home,FC Barcelona,CA Osasuna,7:0,CF,18',1:0,Left-footed shot,Alexis Sánchez
LaLiga ,28,16/03/14,Home,FC Barcelona,CA Osasuna,7:0,CF,63',4:0,Left-footed shot,Andrés Iniesta
LaLiga ,28,16/03/14,Home,FC Barcelona,CA Osasuna,7:0,CF,88',6:0,Right-footed shot,Dani Alves
LaLiga ,29,23/03/14,Away,FC Barcelona,Real Madrid,3:4,CF,42',2:2,Left-footed shot,Neymar
LaLiga ,29,23/03/14,Away,FC Barcelona,Real Madrid,3:4,CF,65',3:3,Penalty,Not Applicable
LaLiga ,29,23/03/14,Away,FC Barcelona,Real Madrid,3:4,CF,84',3:4,Penalty,Not Applicable
LaLiga ,30,26/03/14,Home,FC Barcelona,Celta de Vigo,3:0,CF,30',2:0,Right-footed shot,Andrés Iniesta
LaLiga ,31,29/03/14,Away,FC Barcelona,RCD Espanyol Barcelona,0:1,CF,77',0:1,Penalty,Not Applicable
LaLiga ,32,05/04/14,Home,FC Barcelona,Real Betis Balompié,3:1,CF,15',1:0,Penalty,Not Applicable
LaLiga ,32,05/04/14,Home,FC Barcelona,Real Betis Balompié,3:1,CF,86',3:1,Penalty rebound,Antonio Amaya
LaLiga ,34,20/04/14,Home,FC Barcelona,Athletic Bilbao,2:1,CF,74',2:1,Direct free kick,Not Applicable
LaLiga ,35,27/04/14,Away,FC Barcelona,Villarreal CF,2:3,CF,83',2:3,Right-footed shot,Cesc Fàbregas
LaLiga ,36,03/05/14,Home,FC Barcelona,Getafe CF,2:2,CF,23',1:0,Left-footed shot,Dani Alves
LaLiga ,1,24/08/14,Home,FC Barcelona,Elche CF,3:0,CF,42',1:0,Left-footed shot,Sergio Busquets
LaLiga ,1,24/08/14,Home,FC Barcelona,Elche CF,3:0,CF,64',3:0,Left-footed shot,Not Applicable
LaLiga ,4,21/09/14,Away,FC Barcelona,Levante UD,0:5,CF,77',0:5,Right-footed shot,Not Applicable
LaLiga ,6,27/09/14,Home,FC Barcelona,Granada CF,6:0,CF,62',4:0,Header,Dani Alves
LaLiga ,6,27/09/14,Home,FC Barcelona,Granada CF,6:0,CF,82',6:0,Right-footed shot,Not Applicable
Champions League ,Gruppenphase,30/09/14,Away,FC Barcelona,Paris Saint-Germain,3:2,RW,12',1:1,Left-footed shot,Andrés Iniesta
LaLiga ,7,04/10/14,Away,FC Barcelona,Rayo Vallecano,0:2,CF,35',0:1,Left-footed shot,Gerard Piqué
LaLiga ,8,18/10/14,Home,FC Barcelona,SD Eibar,3:0,CF,74',3:0,Left-footed shot,Neymar
Champions League ,Gruppenphase,21/10/14,Home,FC Barcelona,Ajax Amsterdam,3:1,CF,24',2:0,Left-footed shot,Andrés Iniesta
Champions League ,Gruppenphase,05/11/14,Away,FC Barcelona,Ajax Amsterdam,0:2,RW,36',0:1,Header,Marc Bartra
Champions League ,Gruppenphase,05/11/14,Away,FC Barcelona,Ajax Amsterdam,0:2,RW,76',0:2,Left-footed shot,Pedro
LaLiga ,12,22/11/14,Home,FC Barcelona,Sevilla FC,5:1,RW,21',1:0,Direct free kick,Not Applicable
LaLiga ,12,22/11/14,Home,FC Barcelona,Sevilla FC,5:1,RW,73',4:1,Tap-in,Neymar
LaLiga ,12,22/11/14,Home,FC Barcelona,Sevilla FC,5:1,RW,78',5:1,Left-footed shot,Neymar
Champions League ,Gruppenphase,25/11/14,Away,FC Barcelona,APOEL Nicosia,0:4,CF,38',0:2,Right-footed shot,Rafinha
Champions League ,Gruppenphase,25/11/14,Away,FC Barcelona,APOEL Nicosia,0:4,CF,58',0:3,Right-footed shot,Dani Alves
Champions League ,Gruppenphase,25/11/14,Away,FC Barcelona,APOEL Nicosia,0:4,CF,87',0:4,Right-footed shot,Pedro
LaLiga ,14,07/12/14,Home,FC Barcelona,RCD Espanyol Barcelona,5:1,RW,45'+1,1:1,Left-footed shot,Xavi
LaLiga ,14,07/12/14,Home,FC Barcelona,RCD Espanyol Barcelona,5:1,RW,50',2:1,Right-footed shot,Luis Suárez
LaLiga ,14,07/12/14,Home,FC Barcelona,RCD Espanyol Barcelona,5:1,RW,81',5:1,Right-footed shot,Pedro
Champions League ,Gruppenphase,10/12/14,Home,FC Barcelona,Paris Saint-Germain,3:1,SS,19',1:1,Right-footed shot,Luis Suárez
LaLiga ,16,20/12/14,Home,FC Barcelona,Córdoba CF,5:0,RW,82',4:0,Right-footed shot,Not Applicable
LaLiga ,16,20/12/14,Home,FC Barcelona,Córdoba CF,5:0,RW,90',5:0,Right-footed shot,Not Applicable
Copa del Rey ,Achtelfinale,08/01/15,Home,FC Barcelona,Elche CF,5:0,RW,45',3:0,Penalty,Not Applicable
LaLiga ,18,11/01/15,Home,FC Barcelona,Atlético de Madrid,3:1,RW,87',3:1,Left-footed shot,Not Applicable
LaLiga ,19,18/01/15,Away,FC Barcelona,Deportivo de La Coruña,0:4,RW,11',0:1,Header,Ivan Rakitic
LaLiga ,19,18/01/15,Away,FC Barcelona,Deportivo de La Coruña,0:4,RW,33',0:2,Left-footed shot,Luis Suárez
LaLiga ,19,18/01/15,Away,FC Barcelona,Deportivo de La Coruña,0:4,RW,62',0:3,Left-footed shot,Ivan Rakitic
Copa del Rey ,Viertelfinale,21/01/15,Home,FC Barcelona,Atlético de Madrid,1:0,RW,85',1:0,Penalty rebound,Not Applicable
LaLiga ,20,24/01/15,Away,FC Barcelona,Elche CF,0:6,CF,55',0:2,Penalty,Not Applicable
LaLiga ,20,24/01/15,Away,FC Barcelona,Elche CF,0:6,CF,88',0:5,Left-footed shot,Marc Bartra
LaLiga ,21,01/02/15,Home,FC Barcelona,Villarreal CF,3:2,RW,55',3:2,Right-footed shot,Luis Suárez
LaLiga ,22,08/02/15,Away,FC Barcelona,Athletic Bilbao,2:5,RW,15',0:1,Direct free kick,Not Applicable
Copa del Rey ,Halbfinale,11/02/15,Home,FC Barcelona,Villarreal CF,3:1,RW,41',1:0,Left-footed shot,Luis Suárez
LaLiga ,23,15/02/15,Home,FC Barcelona,Levante UD,5:0,CF,38',2:0,Right-footed shot,Marc Bartra
LaLiga ,23,15/02/15,Home,FC Barcelona,Levante UD,5:0,CF,59',3:0,Right-footed shot,Pedro
LaLiga ,23,15/02/15,Home,FC Barcelona,Levante UD,5:0,CF,65',4:0,Penalty,Not Applicable
LaLiga ,25,28/02/15,Away,FC Barcelona,Granada CF,1:3,RW,70',1:3,Right-footed shot,Luis Suárez
LaLiga ,26,08/03/15,Home,FC Barcelona,Rayo Vallecano,6:1,RW,56',3:0,Penalty,Not Applicable
LaLiga ,26,08/03/15,Home,FC Barcelona,Rayo Vallecano,6:1,RW,63',4:0,Tap-in,Not Applicable
LaLiga ,26,08/03/15,Home,FC Barcelona,Rayo Vallecano,6:1,RW,68',5:0,Left-footed shot,Pedro
LaLiga ,27,14/03/15,Away,FC Barcelona,SD Eibar,0:2,RW,31',0:1,Penalty,Not Applicable
LaLiga ,27,14/03/15,Away,FC Barcelona,SD Eibar,0:2,RW,55',0:2,Header,Ivan Rakitic
LaLiga ,30,08/04/15,Home,FC Barcelona,UD Almería,4:0,RW,33',1:0,Left-footed shot,Marc Bartra
LaLiga ,31,11/04/15,Away,FC Barcelona,Sevilla FC,2:2,RW,15',0:1,Left-footed shot,Neymar
LaLiga ,32,18/04/15,Home,FC Barcelona,Valencia CF,2:0,RW,90'+4,2:0,Left-footed shot,Not Applicable
LaLiga ,33,25/04/15,Away,FC Barcelona,RCD Espanyol Barcelona,0:2,RW,25',0:2,Left-footed shot,Luis Suárez
LaLiga ,34,28/04/15,Home,FC Barcelona,Getafe CF,6:0,RW,9',1:0,Penalty,Not Applicable
LaLiga ,34,28/04/15,Home,FC Barcelona,Getafe CF,6:0,RW,47',6:0,Left-footed shot,Luis Suárez
LaLiga ,35,02/05/15,Away,FC Barcelona,Córdoba CF,0:8,RW,47',0:3,Header,Dani Alves
LaLiga ,35,02/05/15,Away,FC Barcelona,Córdoba CF,0:8,RW,80',0:6,Left-footed shot,Luis Suárez
Champions League ,Halbfinale,06/05/15,Home,FC Barcelona,Bayern Munich,3:0,RW,77',1:0,Left-footed shot,Dani Alves
Champions League ,Halbfinale,06/05/15,Home,FC Barcelona,Bayern Munich,3:0,RW,80',2:0,Right-footed shot,Ivan Rakitic
LaLiga ,37,17/05/15,Away,FC Barcelona,Atlético de Madrid,0:1,RW,65',0:1,Left-footed shot,Pedro
LaLiga ,38,23/05/15,Home,FC Barcelona,Deportivo de La Coruña,2:2,RW,5',1:0,Header,Rafinha
LaLiga ,38,23/05/15,Home,FC Barcelona,Deportivo de La Coruña,2:2,RW,59',2:0,Right-footed shot,Neymar
Copa del Rey ,Finale,30/05/15,Away,FC Barcelona,Athletic Bilbao,1:3,RW,20',0:1,Solo run,Not Applicable
Copa del Rey ,Finale,30/05/15,Away,FC Barcelona,Athletic Bilbao,1:3,RW,74',0:3,Left-footed shot,Dani Alves
UEFA Super Cup ,Finale,11/08/15,Home,FC Barcelona,Sevilla FC,5:4,RW,7',1:1,Direct free kick,Not Applicable
UEFA Super Cup ,Finale,11/08/15,Home,FC Barcelona,Sevilla FC,5:4,RW,16',2:1,Direct free kick,Not Applicable
Supercopa ,Finale,17/08/15,Home,FC Barcelona,Athletic Bilbao,1:1,RW,43',1:0,Left-footed shot,Luis Suárez
LaLiga ,3,12/09/15,Away,FC Barcelona,Atlético de Madrid,1:2,RW,77',1:2,Left-footed shot,Luis Suárez
LaLiga ,4,20/09/15,Home,FC Barcelona,Levante UD,4:1,SS,61',3:0,Penalty,Not Applicable
LaLiga ,4,20/09/15,Home,FC Barcelona,Levante UD,4:1,SS,90',4:1,Left-footed shot,Marc Bartra
Champions League ,Gruppenphase,24/11/15,Home,FC Barcelona,AS Roma,6:1,RW,18',2:0,Left-footed shot,Luis Suárez
Champions League ,Gruppenphase,24/11/15,Home,FC Barcelona,AS Roma,6:1,RW,60',5:0,Tap-in,Not Applicable
LaLiga ,13,28/11/15,Home,FC Barcelona,Real Sociedad,4:0,RW,90'+1,4:0,Left-footed shot,Neymar
Champions League ,Gruppenphase,09/12/15,Away,FC Barcelona,Bayer 04 Leverkusen,1:1,RW,20',0:1,Right-footed shot,Ivan Rakitic
LaLiga ,15,12/12/15,Home,FC Barcelona,Deportivo de La Coruña,2:2,RW,39',1:0,Direct free kick,Not Applicable
Club World Cup ,Finale,20/12/15,Away,FC Barcelona,CA River Plate,0:3,RW,36',0:1,Left-footed shot,Neymar
LaLiga ,17,30/12/15,Home,FC Barcelona,Real Betis Balompié,4:0,RW,33',2:0,Right-footed shot,Neymar
Copa del Rey ,Achtelfinale,06/01/16,Home,FC Barcelona,RCD Espanyol Barcelona,4:1,RW,13',1:1,Left-footed shot,Andrés Iniesta
Copa del Rey ,Achtelfinale,06/01/16,Home,FC Barcelona,RCD Espanyol Barcelona,4:1,RW,44',2:1,Direct free kick,Not Applicable
LaLiga ,19,09/01/16,Home,FC Barcelona,Granada CF,4:0,RW,8',1:0,Left-footed shot,Arda Turan
LaLiga ,19,09/01/16,Home,FC Barcelona,Granada CF,4:0,RW,14',2:0,Left-footed shot,Luis Suárez
LaLiga ,19,09/01/16,Home,FC Barcelona,Granada CF,4:0,RW,58',3:0,Tap-in,Not Applicable
LaLiga ,20,17/01/16,Home,FC Barcelona,Athletic Bilbao,6:0,RW,7',1:0,Penalty,Not Applicable
LaLiga ,21,23/01/16,Away,FC Barcelona,Málaga CF,1:2,RW,51',1:2,Left-footed shot,Adriano
LaLiga ,22,30/01/16,Home,FC Barcelona,Atlético de Madrid,2:1,RW,30',1:1,Left-footed shot,Jordi Alba
Copa del Rey ,Halbfinale,03/02/16,Home,FC Barcelona,Valencia CF,7:0,RW,29',3:0,Left-footed shot,Neymar
Copa del Rey ,Halbfinale,03/02/16,Home,FC Barcelona,Valencia CF,7:0,RW,59',4:0,Left-footed shot,Luis Suárez
Copa del Rey ,Halbfinale,03/02/16,Home,FC Barcelona,Valencia CF,7:0,RW,74',5:0,Left-footed shot,Not Applicable
LaLiga ,24,14/02/16,Home,FC Barcelona,Celta de Vigo,6:1,RW,28',1:0,Direct free kick,Not Applicable
LaLiga ,16,17/02/16,Away,FC Barcelona,Sporting Gijón,1:3,RW,25',0:1,Left-footed shot,Luis Suárez
LaLiga ,16,17/02/16,Away,FC Barcelona,Sporting Gijón,1:3,RW,31',1:2,Left-footed shot,Luis Suárez
Champions League ,Achtelfinale,23/02/16,Away,FC Barcelona,Arsenal FC,0:2,RW,71',0:1,Left-footed shot,Neymar
Champions League ,Achtelfinale,23/02/16,Away,FC Barcelona,Arsenal FC,0:2,RW,83',0:2,Penalty,Not Applicable
LaLiga ,26,28/02/16,Home,FC Barcelona,Sevilla FC,2:1,RW,31',1:1,Direct free kick,Not Applicable
LaLiga ,27,03/03/16,Away,FC Barcelona,Rayo Vallecano,1:5,RW,23',0:2,Left-footed shot,Neymar
LaLiga ,27,03/03/16,Away,FC Barcelona,Rayo Vallecano,1:5,RW,53',0:3,Left-footed shot,Not Applicable
LaLiga ,27,03/03/16,Away,FC Barcelona,Rayo Vallecano,1:5,RW,72',1:4,Left-footed shot,Sergio Busquets
LaLiga ,28,06/03/16,Away,FC Barcelona,SD Eibar,0:4,RW,42',0:2,Left-footed shot,Munir El Haddadi
LaLiga ,28,06/03/16,Away,FC Barcelona,SD Eibar,0:4,RW,76',0:3,Penalty,Not Applicable
LaLiga ,29,12/03/16,Home,FC Barcelona,Getafe CF,6:0,CF,41',4:0,Left-footed shot,Arda Turan
Champions League ,Achtelfinale,16/03/16,Home,FC Barcelona,Arsenal FC,3:1,RW,86',3:1,Left-footed shot,Neymar
LaLiga ,33,17/04/16,Home,FC Barcelona,Valencia CF,1:2,RW,63',1:2,Left-footed shot,Jordi Alba
LaLiga ,34,20/04/16,Away,FC Barcelona,Deportivo de La Coruña,0:8,RW,73',0:6,Left-footed shot,Luis Suárez
LaLiga ,35,23/04/16,Home,FC Barcelona,Sporting Gijón,6:0,RW,13',1:0,Header,Not Applicable
LaLiga ,37,08/05/16,Home,FC Barcelona,RCD Espanyol Barcelona,5:0,RW,8',1:0,Direct free kick,Not Applicable
Supercopa ,Finale,17/08/16,Home,FC Barcelona,Sevilla FC,3:0,RW,55',3:0,Header,Lucas Digne
LaLiga ,1,20/08/16,Home,FC Barcelona,Real Betis Balompié,6:2,RW,37',2:1,Left-footed shot,Sergi Roberto
LaLiga ,1,20/08/16,Home,FC Barcelona,Real Betis Balompié,6:2,RW,58',5:1,Left-footed shot,Arda Turan
Champions League ,Gruppenphase,13/09/16,Home,FC Barcelona,Celtic FC,7:0,RW,3',1:0,Left-footed shot,Neymar
Champions League ,Gruppenphase,13/09/16,Home,FC Barcelona,Celtic FC,7:0,RW,27',2:0,Left-footed shot,Neymar
Champions League ,Gruppenphase,13/09/16,Home,FC Barcelona,Celtic FC,7:0,RW,60',5:0,Left-footed shot,Luis Suárez
LaLiga ,4,17/09/16,Away,FC Barcelona,CD Leganés,1:5,RW,15',0:1,Left-footed shot,Luis Suárez
LaLiga ,4,17/09/16,Away,FC Barcelona,CD Leganés,1:5,RW,55',0:4,Penalty,Not Applicable
LaLiga ,8,15/10/16,Home,FC Barcelona,Deportivo de La Coruña,4:0,RW,58',4:0,Left-footed shot,Neymar
Champions League ,Gruppenphase,19/10/16,Home,FC Barcelona,Manchester City,4:0,RW,17',1:0,Left-footed shot,Andrés Iniesta
Champions League ,Gruppenphase,19/10/16,Home,FC Barcelona,Manchester City,4:0,RW,61',2:0,Left-footed shot,Andrés Iniesta
Champions League ,Gruppenphase,19/10/16,Home,FC Barcelona,Manchester City,4:0,RW,69',3:0,Left-footed shot,Luis Suárez
LaLiga ,9,22/10/16,Away,FC Barcelona,Valencia CF,2:3,RW,22',0:1,Left-footed shot,Ivan Rakitic
LaLiga ,9,22/10/16,Away,FC Barcelona,Valencia CF,2:3,RW,90'+4,2:3,Penalty,Not Applicable
Champions League ,Gruppenphase,01/11/16,Away,FC Barcelona,Manchester City,3:1,RW,21',0:1,Left-footed shot,Neymar
LaLiga ,11,06/11/16,Away,FC Barcelona,Sevilla FC,1:2,RW,43',1:1,Left-footed shot,Neymar
Champions League ,Gruppenphase,23/11/16,Away,FC Barcelona,Celtic FC,0:2,RW,24',0:1,Left-footed shot,Neymar
Champions League ,Gruppenphase,23/11/16,Away,FC Barcelona,Celtic FC,0:2,RW,55',0:2,Penalty,Not Applicable
LaLiga ,13,27/11/16,Away,FC Barcelona,Real Sociedad,1:1,RW,59',1:1,Left-footed shot,Neymar
Champions League ,Gruppenphase,06/12/16,Home,FC Barcelona,Borussia Mönchengladbach,4:0,RW,16',1:0,Left-footed shot,Arda Turan
LaLiga ,15,10/12/16,Away,FC Barcelona,CA Osasuna,0:3,RW,72',0:2,Left-footed shot,Jordi Alba
LaLiga ,15,10/12/16,Away,FC Barcelona,CA Osasuna,0:3,RW,90'+2,0:3,Left-footed shot,Sergio Busquets
LaLiga ,16,18/12/16,Home,FC Barcelona,RCD Espanyol Barcelona,4:1,RW,90',4:1,Left-footed shot,Luis Suárez
Copa del Rey ,Achtelfinale,05/01/17,Away,FC Barcelona,Athletic Bilbao,2:1,RW,52',2:1,Direct free kick,Not Applicable
LaLiga ,17,08/01/17,Away,FC Barcelona,Villarreal CF,1:1,RW,90',1:1,Direct free kick,Not Applicable
Copa del Rey ,Achtelfinale,11/01/17,Home,FC Barcelona,Athletic Bilbao,3:1,RW,78',3:1,Direct free kick,Not Applicable
LaLiga ,18,14/01/17,Home,FC Barcelona,UD Las Palmas,5:0,RW,52',2:0,Right-footed shot,Not Applicable
LaLiga ,19,22/01/17,Away,FC Barcelona,SD Eibar,0:4,RW,50',0:2,Left-footed shot,Luis Suárez
Copa del Rey ,Viertelfinale,26/01/17,Home,FC Barcelona,Real Sociedad,5:2,RW,55',2:0,Penalty,Not Applicable
Copa del Rey ,Halbfinale,01/02/17,Away,FC Barcelona,Atlético de Madrid,1:2,RW,33',0:2,Left-footed shot,Ivan Rakitic
LaLiga ,21,04/02/17,Home,FC Barcelona,Athletic Bilbao,3:0,RW,40',2:0,Direct free kick,Not Applicable
LaLiga ,22,11/02/17,Away,FC Barcelona,Deportivo Alavés,0:6,RW,59',0:3,Left-footed shot,Neymar
LaLiga ,23,19/02/17,Home,FC Barcelona,CD Leganés,2:1,RW,4',1:0,Right-footed shot,Luis Suárez
LaLiga ,23,19/02/17,Home,FC Barcelona,CD Leganés,2:1,RW,90',2:1,Penalty,Not Applicable
LaLiga ,24,26/02/17,Away,FC Barcelona,Atlético de Madrid,1:2,RW,86',1:2,Left-footed shot,Not Applicable
LaLiga ,25,01/03/17,Home,FC Barcelona,Sporting Gijón,6:1,RW,9',1:0,Header,Javier Mascherano
LaLiga ,26,04/03/17,Home,FC Barcelona,Celta de Vigo,5:0,AM,24',1:0,Left-footed shot,Sergio Busquets
LaLiga ,26,04/03/17,Home,FC Barcelona,Celta de Vigo,5:0,AM,64',5:0,Left-footed shot,Not Applicable
Champions League ,Achtelfinale,08/03/17,Home,FC Barcelona,Paris Saint-Germain,6:1,SS,50',3:0,Penalty,Not Applicable
LaLiga ,28,19/03/17,Home,FC Barcelona,Valencia CF,4:2,AM,45',2:1,Penalty,Not Applicable
LaLiga ,28,19/03/17,Home,FC Barcelona,Valencia CF,4:2,AM,53',3:2,Right-footed shot,Javier Mascherano
LaLiga ,30,05/04/17,Home,FC Barcelona,Sevilla FC,3:0,RW,28',2:0,Right-footed shot,Luis Suárez
LaLiga ,30,05/04/17,Home,FC Barcelona,Sevilla FC,3:0,RW,33',3:0,Left-footed shot,Not Applicable
LaLiga ,32,15/04/17,Home,FC Barcelona,Real Sociedad,3:2,RW,17',1:0,Left-footed shot,Luis Suárez
LaLiga ,32,15/04/17,Home,FC Barcelona,Real Sociedad,3:2,RW,37',2:0,Tap-in,Not Applicable
LaLiga ,33,23/04/17,Away,FC Barcelona,Real Madrid,2:3,RW,33',1:1,Left-footed shot,Ivan Rakitic
LaLiga ,33,23/04/17,Away,FC Barcelona,Real Madrid,2:3,RW,90'+2,2:3,Left-footed shot,Jordi Alba
LaLiga ,34,26/04/17,Home,FC Barcelona,CA Osasuna,7:1,AM,12',1:0,Left-footed shot,Not Applicable
LaLiga ,34,26/04/17,Home,FC Barcelona,CA Osasuna,7:1,AM,61',4:1,Left-footed shot,Ivan Rakitic
LaLiga ,36,06/05/17,Home,FC Barcelona,Villarreal CF,4:1,RW,45',2:1,Left-footed shot,Sergio Busquets
LaLiga ,36,06/05/17,Home,FC Barcelona,Villarreal CF,4:1,RW,82',4:1,Penalty,Not Applicable
LaLiga ,38,21/05/17,Home,FC Barcelona,SD Eibar,4:2,RW,75',3:2,Penalty,Not Applicable
LaLiga ,38,21/05/17,Home,FC Barcelona,SD Eibar,4:2,RW,90'+2,4:2,Right-footed shot,Not Applicable
Copa del Rey ,Finale,27/05/17,Home,FC Barcelona,Deportivo Alavés,3:1,RW,30',1:0,Left-footed shot,Neymar
Supercopa ,Finale,13/08/17,Home,FC Barcelona,Real Madrid,1:3,RW,77',1:1,Penalty,Not Applicable
LaLiga ,2,26/08/17,Away,FC Barcelona,Deportivo Alavés,0:2,CF,55',0:1,Left-footed shot,Jordi Alba
LaLiga ,2,26/08/17,Away,FC Barcelona,Deportivo Alavés,0:2,CF,66',0:2,Left-footed shot,Paco Alcácer
LaLiga ,3,09/09/17,Home,FC Barcelona,RCD Espanyol Barcelona,5:0,CF,26',1:0,Left-footed shot,Ivan Rakitic
LaLiga ,3,09/09/17,Home,FC Barcelona,RCD Espanyol Barcelona,5:0,CF,35',2:0,Right-footed shot,Jordi Alba
LaLiga ,3,09/09/17,Home,FC Barcelona,RCD Espanyol Barcelona,5:0,CF,67',3:0,Left-footed shot,Jordi Alba
Champions League ,Gruppenphase,12/09/17,Home,FC Barcelona,Juventus FC,3:0,CF,45',1:0,Left-footed shot,Luis Suárez
Champions League ,Gruppenphase,12/09/17,Home,FC Barcelona,Juventus FC,3:0,CF,69',3:0,Left-footed shot,Not Applicable
LaLiga ,5,19/09/17,Home,FC Barcelona,SD Eibar,6:1,CF,21',1:0,Penalty,Not Applicable
LaLiga ,5,19/09/17,Home,FC Barcelona,SD Eibar,6:1,CF,59',4:1,Left-footed shot,Sergio Busquets
LaLiga ,5,19/09/17,Home,FC Barcelona,SD Eibar,6:1,CF,62',5:1,Left-footed shot,Paulinho
LaLiga ,5,19/09/17,Home,FC Barcelona,SD Eibar,6:1,CF,87',6:1,Left-footed shot,Aleix Vidal
LaLiga ,7,01/10/17,Home,FC Barcelona,UD Las Palmas,3:0,SS,70',2:0,Left-footed shot,Denis Suárez
LaLiga ,7,01/10/17,Home,FC Barcelona,UD Las Palmas,3:0,SS,77',3:0,Left-footed shot,Luis Suárez
Champions League ,Gruppenphase,18/10/17,Home,FC Barcelona,Olympiacos Piraeus,3:1,CF,61',2:0,Direct free kick,Not Applicable
LaLiga ,10,28/10/17,Away,FC Barcelona,Athletic Bilbao,0:2,SS,37',0:1,Left-footed shot,Jordi Alba
LaLiga ,14,02/12/17,Home,FC Barcelona,Celta de Vigo,2:2,SS,22',1:1,Left-footed shot,Paulinho
LaLiga ,15,10/12/17,Away,FC Barcelona,Villarreal CF,0:2,RW,83',0:2,Left-footed shot,Sergio Busquets
LaLiga ,17,23/12/17,Away,FC Barcelona,Real Madrid,0:3,SS,64',0:2,Penalty,Not Applicable
LaLiga ,18,07/01/18,Home,FC Barcelona,Levante UD,3:0,SS,12',1:0,Left-footed shot,Jordi Alba
Copa del Rey ,Achtelfinale,11/01/18,Home,FC Barcelona,Celta de Vigo,5:0,SS,13',1:0,Left-footed shot,Jordi Alba
Copa del Rey ,Achtelfinale,11/01/18,Home,FC Barcelona,Celta de Vigo,5:0,SS,15',2:0,Left-footed shot,Jordi Alba
LaLiga ,19,14/01/18,Away,FC Barcelona,Real Sociedad,2:4,SS,85',2:4,Direct free kick,Not Applicable
LaLiga ,20,21/01/18,Away,FC Barcelona,Real Betis Balompié,0:5,SS,64',0:2,Left-footed shot,Sergio Busquets
LaLiga ,20,21/01/18,Away,FC Barcelona,Real Betis Balompié,0:5,SS,80',0:4,Left-footed shot,Luis Suárez
Copa del Rey ,Viertelfinale,25/01/18,Home,FC Barcelona,RCD Espanyol Barcelona,2:0,SS,25',2:0,Deflected shot on goal,Not Applicable
LaLiga ,21,28/01/18,Home,FC Barcelona,Deportivo Alavés,2:1,SS,84',2:1,Direct free kick,Not Applicable
Champions League ,Achtelfinale,20/02/18,Away,FC Barcelona,Chelsea FC,1:1,SS,75',1:1,Left-footed shot,Andrés Iniesta
LaLiga ,25,24/02/18,Home,FC Barcelona,Girona FC,6:1,SS,30',2:1,Left-footed shot,Luis Suárez
LaLiga ,25,24/02/18,Home,FC Barcelona,Girona FC,6:1,SS,36',3:1,Direct free kick,Not Applicable
LaLiga ,26,01/03/18,Away,FC Barcelona,UD Las Palmas,1:1,SS,21',0:1,Direct free kick,Not Applicable
LaLiga ,27,04/03/18,Home,FC Barcelona,Atlético de Madrid,1:0,SS,26',1:0,Direct free kick,Not Applicable
Champions League ,Achtelfinale,14/03/18,Home,FC Barcelona,Chelsea FC,3:0,SS,3',1:0,Right-footed shot,Luis Suárez
Champions League ,Achtelfinale,14/03/18,Home,FC Barcelona,Chelsea FC,3:0,SS,63',3:0,Left-footed shot,Luis Suárez
LaLiga ,29,18/03/18,Home,FC Barcelona,Athletic Bilbao,2:0,SS,30',2:0,Left-footed shot,Ousmane Dembélé
LaLiga ,30,31/03/18,Away,FC Barcelona,Sevilla FC,2:2,RW,89',2:2,Left-footed shot,Philippe Coutinho
LaLiga ,31,07/04/18,Home,FC Barcelona,CD Leganés,3:1,SS,27',1:0,Direct free kick,Not Applicable
LaLiga ,31,07/04/18,Home,FC Barcelona,CD Leganés,3:1,SS,32',2:0,Left-footed shot,Philippe Coutinho
LaLiga ,31,07/04/18,Home,FC Barcelona,CD Leganés,3:1,SS,87',3:1,Left-footed shot,Ousmane Dembélé
Copa del Rey ,Finale,21/04/18,Away,FC Barcelona,Sevilla FC,0:5,SS,31',0:2,Left-footed shot,Jordi Alba
LaLiga ,35,29/04/18,Away,FC Barcelona,Deportivo de La Coruña,2:4,SS,38',0:2,Left-footed shot,Luis Suárez
LaLiga ,35,29/04/18,Away,FC Barcelona,Deportivo de La Coruña,2:4,SS,82',2:3,Right-footed shot,Luis Suárez
LaLiga ,35,29/04/18,Away,FC Barcelona,Deportivo de La Coruña,2:4,SS,85',2:4,Left-footed shot,Luis Suárez
LaLiga ,36,06/05/18,Home,FC Barcelona,Real Madrid,2:2,SS,52',2:1,Left-footed shot,Luis Suárez
LaLiga ,34,09/05/18,Home,FC Barcelona,Villarreal CF,5:1,CF,45',3:0,Left-footed shot,Andrés Iniesta
LaLiga ,1,18/08/18,Home,FC Barcelona,Deportivo Alavés,3:0,RW,64',1:0,Direct free kick,Not Applicable
LaLiga ,1,18/08/18,Home,FC Barcelona,Deportivo Alavés,3:0,RW,90'+2,3:0,Left-footed shot,Luis Suárez
LaLiga ,3,02/09/18,Home,FC Barcelona,SD Huesca,8:2,RW,16',1:1,Right-footed shot,Ivan Rakitic
LaLiga ,3,02/09/18,Home,FC Barcelona,SD Huesca,8:2,RW,61',6:2,Left-footed shot,Philippe Coutinho
Champions League ,Gruppenphase,18/09/18,Home,FC Barcelona,PSV Eindhoven,4:0,RW,31',1:0,Direct free kick,Not Applicable
Champions League ,Gruppenphase,18/09/18,Home,FC Barcelona,PSV Eindhoven,4:0,RW,77',3:0,Left-footed shot,Ivan Rakitic
Champions League ,Gruppenphase,18/09/18,Home,FC Barcelona,PSV Eindhoven,4:0,RW,87',4:0,Right-footed shot,Luis Suárez
LaLiga ,5,23/09/18,Home,FC Barcelona,Girona FC,2:2,RW,19',1:0,Left-footed shot,Arturo Vidal
Champions League ,Gruppenphase,03/10/18,Away,FC Barcelona,Tottenham Hotspur,2:4,RW,56',1:3,Left-footed shot,Jordi Alba
Champions League ,Gruppenphase,03/10/18,Away,FC Barcelona,Tottenham Hotspur,2:4,RW,90',2:4,Left-footed shot,Jordi Alba
LaLiga ,8,07/10/18,Away,FC Barcelona,Valencia CF,1:1,RW,23',1:1,Left-footed shot,Luis Suárez
LaLiga ,9,20/10/18,Home,FC Barcelona,Sevilla FC,4:2,RW,12',2:0,Left-footed shot,Luis Suárez
LaLiga ,12,11/11/18,Home,FC Barcelona,Real Betis Balompié,3:4,SS,68',1:2,Penalty,Not Applicable
LaLiga ,12,11/11/18,Home,FC Barcelona,Real Betis Balompié,3:4,SS,90'+4,3:4,Left-footed shot,Arturo Vidal
Champions League ,Gruppenphase,28/11/18,Away,FC Barcelona,PSV Eindhoven,1:2,CF,61',0:1,Left-footed shot,Ousmane Dembélé
LaLiga ,15,08/12/18,Away,FC Barcelona,RCD Espanyol Barcelona,0:4,RW,17',0:1,Direct free kick,Not Applicable
LaLiga ,15,08/12/18,Away,FC Barcelona,RCD Espanyol Barcelona,0:4,RW,65',0:4,Direct free kick,Not Applicable
LaLiga ,16,16/12/18,Away,FC Barcelona,Levante UD,0:5,SS,43',0:2,Right-footed shot,Sergio Busquets
LaLiga ,16,16/12/18,Away,FC Barcelona,Levante UD,0:5,SS,47',0:3,Left-footed shot,Not Applicable
LaLiga ,16,16/12/18,Away,FC Barcelona,Levante UD,0:5,SS,60',0:4,Left-footed shot,Arturo Vidal
LaLiga ,17,22/12/18,Home,FC Barcelona,Celta de Vigo,2:0,RW,45',2:0,Left-footed shot,Jordi Alba
LaLiga ,18,06/01/19,Away,FC Barcelona,Getafe CF,1:2,RW,20',0:1,Left-footed shot,Not Applicable
LaLiga ,19,13/01/19,Home,FC Barcelona,SD Eibar,3:0,RW,53',2:0,Left-footed shot,Luis Suárez
Copa del Rey ,Achtelfinale,17/01/19,Home,FC Barcelona,Levante UD,3:0,CF,54',3:0,Left-footed shot,Nélson Semedo
LaLiga ,20,20/01/19,Home,FC Barcelona,CD Leganés,3:1,SS,90'+2,3:1,Right-footed shot,Jordi Alba
LaLiga ,21,27/01/19,Away,FC Barcelona,Girona FC,0:2,RW,69',0:2,Left-footed shot,Jordi Alba
Copa del Rey ,Viertelfinale,30/01/19,Home,FC Barcelona,Sevilla FC,6:1,RW,90'+2,6:1,Left-footed shot,Jordi Alba
LaLiga ,22,02/02/19,Home,FC Barcelona,Valencia CF,2:2,RW,39',1:2,Penalty,Not Applicable
LaLiga ,22,02/02/19,Home,FC Barcelona,Valencia CF,2:2,RW,64',2:2,Left-footed shot,Arturo Vidal
LaLiga ,24,16/02/19,Home,FC Barcelona,Real Valladolid CF,1:0,RW,43',1:0,Penalty,Not Applicable
LaLiga ,25,23/02/19,Away,FC Barcelona,Sevilla FC,2:4,RW,26',1:1,Left-footed shot,Ivan Rakitic
LaLiga ,25,23/02/19,Away,FC Barcelona,Sevilla FC,2:4,RW,67',2:2,Right-footed shot,Ousmane Dembélé
LaLiga ,25,23/02/19,Away,FC Barcelona,Sevilla FC,2:4,RW,85',2:3,Left-footed shot,Not Applicable
LaLiga ,27,09/03/19,Home,FC Barcelona,Rayo Vallecano,3:1,RW,51',2:1,Penalty,Not Applicable
Champions League ,Achtelfinale,13/03/19,Home,FC Barcelona,Olympique Lyon,5:1,RW,18',1:0,Penalty,Not Applicable
Champions League ,Achtelfinale,13/03/19,Home,FC Barcelona,Olympique Lyon,5:1,RW,78',3:1,Right-footed shot,Sergio Busquets
LaLiga ,28,17/03/19,Away,FC Barcelona,Real Betis Balompié,1:4,SS,18',0:1,Direct free kick,Not Applicable
LaLiga ,28,17/03/19,Away,FC Barcelona,Real Betis Balompié,1:4,SS,45'+2,0:2,Left-footed shot,Luis Suárez
LaLiga ,28,17/03/19,Away,FC Barcelona,Real Betis Balompié,1:4,SS,85',1:4,Left-footed shot,Ivan Rakitic
LaLiga ,29,30/03/19,Home,FC Barcelona,RCD Espanyol Barcelona,2:0,RW,71',1:0,Direct free kick,Not Applicable
LaLiga ,29,30/03/19,Home,FC Barcelona,RCD Espanyol Barcelona,2:0,RW,89',2:0,Left-footed shot,Malcom
LaLiga ,30,02/04/19,Away,FC Barcelona,Villarreal CF,4:4,RW,90',4:3,Direct free kick,Not Applicable
LaLiga ,31,06/04/19,Home,FC Barcelona,Atlético de Madrid,2:0,SS,87',2:0,Left-footed shot,Not Applicable
Champions League ,Viertelfinale,16/04/19,Home,FC Barcelona,Manchester United,3:0,RW,16',1:0,Left-footed shot,Not Applicable
Champions League ,Viertelfinale,16/04/19,Home,FC Barcelona,Manchester United,3:0,RW,20',2:0,Right-footed shot,Not Applicable
LaLiga ,35,27/04/19,Home,FC Barcelona,Levante UD,1:0,RW,62',1:0,Left-footed shot,Arturo Vidal
Champions League ,Halbfinale,01/05/19,Home,FC Barcelona,Liverpool FC,3:0,RW,75',2:0,Left-footed shot,Luis Suárez
Champions League ,Halbfinale,01/05/19,Home,FC Barcelona,Liverpool FC,3:0,RW,82',3:0,Direct free kick,Not Applicable
LaLiga ,38,19/05/19,Away,FC Barcelona,SD Eibar,2:2,CF,31',1:1,Left-footed shot,Arturo Vidal
LaLiga ,38,19/05/19,Away,FC Barcelona,SD Eibar,2:2,CF,32',1:2,Left-footed shot,Ivan Rakitic
Copa del Rey ,Finale,25/05/19,Home,FC Barcelona,Valencia CF,1:2,CF,73',1:2,Left-footed shot,Clément Lenglet
LaLiga ,8,06/10/19,Home,FC Barcelona,Sevilla FC,4:0,RW,78',4:0,Direct free kick,Not Applicable
LaLiga ,9,19/10/19,Away,FC Barcelona,SD Eibar,0:3,RW,58',0:2,Left-footed shot,Antoine Griezmann
Champions League ,Gruppenphase,23/10/19,Away,FC Barcelona,SK Slavia Prague,1:2,RW,3',0:1,Left-footed shot,Arthur Melo
LaLiga ,11,29/10/19,Home,FC Barcelona,Real Valladolid CF,5:1,RW,34',3:1,Direct free kick,Not Applicable
LaLiga ,11,29/10/19,Home,FC Barcelona,Real Valladolid CF,5:1,RW,75',4:1,Left-footed shot,Ivan Rakitic
LaLiga ,12,02/11/19,Away,FC Barcelona,Levante UD,3:1,RW,38',0:1,Penalty,Not Applicable
LaLiga ,13,09/11/19,Home,FC Barcelona,Celta de Vigo,4:1,RW,23',1:0,Penalty,Not Applicable
LaLiga ,13,09/11/19,Home,FC Barcelona,Celta de Vigo,4:1,RW,45'+1,2:1,Direct free kick,Not Applicable
LaLiga ,13,09/11/19,Home,FC Barcelona,Celta de Vigo,4:1,RW,48',3:1,Direct free kick,Not Applicable
Champions League ,Gruppenphase,27/11/19,Home,FC Barcelona,Borussia Dortmund,3:1,RW,33',2:0,Left-footed shot,Luis Suárez
LaLiga ,15,01/12/19,Away,FC Barcelona,Atlético de Madrid,0:1,RW,86',0:1,Left-footed shot,Luis Suárez
LaLiga ,16,07/12/19,Home,FC Barcelona,RCD Mallorca,5:2,RW,17',2:0,Left-footed shot,Antoine Griezmann
LaLiga ,16,07/12/19,Home,FC Barcelona,RCD Mallorca,5:2,RW,41',3:1,Left-footed shot,Ivan Rakitic
LaLiga ,16,07/12/19,Home,FC Barcelona,RCD Mallorca,5:2,RW,83',5:2,Left-footed shot,Luis Suárez
LaLiga ,18,21/12/19,Home,FC Barcelona,Deportivo Alavés,4:1,RW,69',3:1,Left-footed shot,Luis Suárez
Supercopa ,Halbfinale,09/01/20,Home,FC Barcelona,Atlético de Madrid,2:3,RW,51',1:1,Right-footed shot,Luis Suárez
LaLiga ,20,19/01/20,Home,FC Barcelona,Granada CF,1:0,CF,76',1:0,Right-footed shot,Arturo Vidal
Copa del Rey ,Achtelfinale,30/01/20,Home,FC Barcelona,CD Leganés,5:0,RW,59',3:0,Left-footed shot,Frenkie de Jong
Copa del Rey ,Achtelfinale,30/01/20,Home,FC Barcelona,CD Leganés,5:0,RW,89',5:0,Left-footed shot,Ivan Rakitic
LaLiga ,25,22/02/20,Home,FC Barcelona,SD Eibar,5:0,SS,14',1:0,Left-footed shot,Ivan Rakitic
LaLiga ,25,22/02/20,Home,FC Barcelona,SD Eibar,5:0,SS,37',2:0,Left-footed shot,Arturo Vidal
LaLiga ,25,22/02/20,Home,FC Barcelona,SD Eibar,5:0,SS,40',3:0,Left-footed shot,Not Applicable
LaLiga ,25,22/02/20,Home,FC Barcelona,SD Eibar,5:0,SS,87',4:0,Left-footed shot,Not Applicable
LaLiga ,27,07/03/20,Home,FC Barcelona,Real Sociedad,1:0,CF,81',1:0,Penalty,Not Applicable
LaLiga ,28,13/06/20,Away,FC Barcelona,RCD Mallorca,0:4,RW,90'+3,0:4,Right-footed shot,Luis Suárez
LaLiga ,29,16/06/20,Home,FC Barcelona,CD Leganés,2:0,RW,69',2:0,Penalty,Not Applicable
LaLiga ,33,30/06/20,Home,FC Barcelona,Atlético de Madrid,2:2,SS,50',2:1,Penalty,Not Applicable
LaLiga ,37,16/07/20,Home,FC Barcelona,CA Osasuna,1:2,RW,62',1:1,Direct free kick,Not Applicable
LaLiga ,38,19/07/20,Away,FC Barcelona,Deportivo Alavés,0:5,RW,34',0:2,Left-footed shot,Riqui Puig
LaLiga ,38,19/07/20,Away,FC Barcelona,Deportivo Alavés,0:5,RW,75',0:5,Left-footed shot,Jordi Alba
Champions League ,Achtelfinale,08/08/20,Home,FC Barcelona,SSC Napoli,3:1,SS,23',2:0,Left-footed shot,Not Applicable
LaLiga ,3,27/09/20,Home,FC Barcelona,Villarreal CF,4:0,CF,35',3:0,Penalty,Not Applicable
Champions League ,Gruppenphase,20/10/20,Home,FC Barcelona,Ferencvárosi TC,5:1,CF,27',1:0,Penalty,Not Applicable
Champions League ,Gruppenphase,28/10/20,Away,FC Barcelona,Juventus FC,0:2,CF,90'+1,0:2,Penalty,Not Applicable
Champions League ,Gruppenphase,04/11/20,Home,FC Barcelona,Dynamo Kyiv,2:1,RW,5',1:0,Penalty,Not Applicable
LaLiga ,9,07/11/20,Home,FC Barcelona,Real Betis Balompié,5:2,CF,61',3:1,Penalty,Not Applicable
LaLiga ,9,07/11/20,Home,FC Barcelona,Real Betis Balompié,5:2,CF,82',4:2,Left-footed shot,Sergi Roberto
LaLiga ,11,29/11/20,Home,FC Barcelona,CA Osasuna,4:0,RW,73',4:0,Left-footed shot,Francisco Trincão
LaLiga ,13,13/12/20,Home,FC Barcelona,Levante UD,1:0,CF,76',1:0,Left-footed shot,Frenkie de Jong
LaLiga ,14,19/12/20,Home,FC Barcelona,Valencia CF,2:2,CF,45'+4,1:1,Header,Not Applicable
LaLiga ,15,22/12/20,Away,FC Barcelona,Real Valladolid CF,0:3,AM,65',0:3,Left-footed shot,Pedri
LaLiga ,2,06/01/21,Away,FC Barcelona,Athletic Bilbao,2:3,CF,38',1:2,Left-footed shot,Pedri
LaLiga ,2,06/01/21,Away,FC Barcelona,Athletic Bilbao,2:3,CF,62',1:3,Left-footed shot,Antoine Griezmann
LaLiga ,18,09/01/21,Away,FC Barcelona,Granada CF,0:4,CF,35',0:2,Left-footed shot,Antoine Griezmann
LaLiga ,18,09/01/21,Away,FC Barcelona,Granada CF,0:4,CF,42',0:3,Direct free kick,Not Applicable
Copa del Rey ,Achtelfinale,27/01/21,Away,FC Barcelona,Rayo Vallecano,1:2,CF,69',1:1,Left-footed shot,Antoine Griezmann
LaLiga ,21,31/01/21,Home,FC Barcelona,Athletic Bilbao,2:1,CF,20',1:0,Direct free kick,Not Applicable
LaLiga ,22,07/02/21,Away,FC Barcelona,Real Betis Balompié,2:3,CF,59',1:1,Left-footed shot,Ousmane Dembélé
LaLiga ,23,13/02/21,Home,FC Barcelona,Deportivo Alavés,5:1,CF,45'+1,2:0,Left-footed shot,Sergio Busquets
LaLiga ,23,13/02/21,Home,FC Barcelona,Deportivo Alavés,5:1,CF,75',4:1,Left-footed shot,Antoine Griezmann
Champions League ,Achtelfinale,16/02/21,Home,FC Barcelona,Paris Saint-Germain,1:4,CF,27',1:0,Penalty,Not Applicable
LaLiga ,24,21/02/21,Home,FC Barcelona,Cádiz CF,1:1,CF,32',1:0,Penalty,Not Applicable
LaLiga ,1,24/02/21,Home,FC Barcelona,Elche CF,3:0,CF,48',1:0,Left-footed shot,Martin Braithwaite
LaLiga ,1,24/02/21,Home,FC Barcelona,Elche CF,3:0,CF,68',2:0,Left-footed shot,Frenkie de Jong
LaLiga ,25,27/02/21,Away,FC Barcelona,Sevilla FC,0:2,CF,85',0:2,Right-footed shot,Ilaix Moriba
Champions League ,Achtelfinale,10/03/21,Away,FC Barcelona,Paris Saint-Germain,1:1,SS,37',1:1,Long distance kick,Pedri
LaLiga ,27,15/03/21,Home,FC Barcelona,SD Huesca,4:1,SS,13',1:0,Left-footed shot,Sergio Busquets
LaLiga ,27,15/03/21,Home,FC Barcelona,SD Huesca,4:1,SS,90',4:1,Left-footed shot,Francisco Trincão
LaLiga ,28,21/03/21,Away,FC Barcelona,Real Sociedad,1:6,SS,56',0:4,Left-footed shot,Sergio Busquets
LaLiga ,28,21/03/21,Away,FC Barcelona,Real Sociedad,1:6,SS,89',1:6,Left-footed shot,Jordi Alba
Copa del Rey ,Finale,17/04/21,Away,FC Barcelona,Athletic Bilbao,0:4,CF,68',0:3,Left-footed shot,Frenkie de Jong
Copa del Rey ,Finale,17/04/21,Away,FC Barcelona,Athletic Bilbao,0:4,CF,72',0:4,Left-footed shot,Jordi Alba
LaLiga ,31,22/04/21,Home,FC Barcelona,Getafe CF,5:2,CF,8',1:0,Left-footed shot,Sergio Busquets
LaLiga ,31,22/04/21,Home,FC Barcelona,Getafe CF,5:2,CF,33',3:1,Left-footed shot,Not Applicable
LaLiga ,33,29/04/21,Home,FC Barcelona,Granada CF,1:2,CF,23',1:0,Left-footed shot,Antoine Griezmann
LaLiga ,34,02/05/21,Away,FC Barcelona,Valencia CF,2:3,CF,57',1:1,Left-footed shot,Not Applicable
LaLiga ,34,02/05/21,Away,FC Barcelona,Valencia CF,2:3,CF,69',1:3,Direct free kick,Not Applicable
LaLiga ,36,11/05/21,Away,FC Barcelona,Levante UD,3:3,SS,25',0:1,Left-footed shot,Not Applicable
LaLiga ,37,16/05/21,Home,FC Barcelona,Celta de Vigo,1:2,SS,28',1:0,Header,Sergio Busquets
Champions League ,Gruppenphase,28/09/21,Home,Paris Saint-Germain,Manchester City,2:0,RW,74',2:0,Left-footed shot,Kylian Mbappé
Champions League ,Gruppenphase,19/10/21,Home,Paris Saint-Germain,RB Leipzig,3:2,RW,67',2:2,Left-footed shot,Kylian Mbappé
Champions League ,Gruppenphase,19/10/21,Home,Paris Saint-Germain,RB Leipzig,3:2,RW,74',3:2,Penalty,Not Applicable
Ligue 1 ,14,20/11/21,Home,Paris Saint-Germain,FC Nantes,3:1,RW,87',3:1,Left-footed shot,Kylian Mbappé
Champions League ,Gruppenphase,07/12/21,Home,Paris Saint-Germain,Club Brugge KV,4:1,CF,38',3:0,Left-footed shot,Kylian Mbappé
Champions League ,Gruppenphase,07/12/21,Home,Paris Saint-Germain,Club Brugge KV,4:1,CF,76',4:1,Penalty,Not Applicable
Ligue 1 ,23,06/02/22,Away,Paris Saint-Germain,LOSC Lille,1:5,CF,38',1:3,Left-footed shot,Not Applicable
Ligue 1 ,30,03/04/22,Home,Paris Saint-Germain,FC Lorient,5:1,RW,73',4:1,Left-footed shot,Kylian Mbappé
Ligue 1 ,34,23/04/22,Home,Paris Saint-Germain,RC Lens,1:1,RW,68',1:0,Left-footed shot,Neymar
Ligue 1 ,37,14/05/22,Away,Paris Saint-Germain,Montpellier HSC,0:4,CF,6',0:1,Left-footed shot,Kylian Mbappé
Ligue 1 ,37,14/05/22,Away,Paris Saint-Germain,Montpellier HSC,0:4,CF,20',0:2,Left-footed shot,Kylian Mbappé
Trophée des Champions ,Finale,31/07/22,Home,Paris Saint-Germain,FC Nantes,4:0,CF,22',1:0,Right-footed shot,Not Applicable
Ligue 1 ,1,06/08/22,Away,Paris Saint-Germain,Clermont Foot 63,0:5,CF,80',0:4,Left-footed shot,Neymar
Ligue 1 ,1,06/08/22,Away,Paris Saint-Germain,Clermont Foot 63,0:5,CF,86',0:5,Left-footed shot,Leandro Paredes
Ligue 1 ,3,21/08/22,Away,Paris Saint-Germain,LOSC Lille,1:7,RW,27',0:2,Right-footed shot,Nuno Mendes
Champions League ,Gruppenphase,14/09/22,Away,Paris Saint-Germain,Maccabi Haifa,1:3,RW,37',1:1,Left-footed shot,Not Applicable
Ligue 1 ,8,18/09/22,Away,Paris Saint-Germain,Olympique Lyon,0:1,RW,5',0:1,Left-footed shot,Neymar
Ligue 1 ,9,01/10/22,Home,Paris Saint-Germain,OGC Nice,2:1,AM,28',1:0,Direct free kick,Not Applicable
Champions League ,Gruppenphase,05/10/22,Away,Paris Saint-Germain,SL Benfica,1:1,RW,22',0:1,Left-footed shot,Neymar
Ligue 1 ,12,21/10/22,Away,Paris Saint-Germain,AC Ajaccio,0:3,CF,78',0:2,Left-footed shot,Kylian Mbappé
Champions League ,Gruppenphase,25/10/22,Home,Paris Saint-Germain,Maccabi Haifa,7:2,SS,19',1:0,Left-footed shot,Kylian Mbappé
Champions League ,Gruppenphase,25/10/22,Home,Paris Saint-Germain,Maccabi Haifa,7:2,SS,45',4:1,Left-footed shot,Kylian Mbappé
Ligue 1 ,13,29/10/22,Home,Paris Saint-Germain,ESTAC Troyes,4:3,RW,55',2:2,Left-footed shot,Sergio Ramos
Ligue 1 ,18,11/01/23,Home,Paris Saint-Germain,Angers SCO,2:0,AM,72',2:0,Right-footed shot,Nordi Mukiele
Ligue 1 ,21,01/02/23,Away,Paris Saint-Germain,Montpellier HSC,1:3,SS,72',0:2,Left-footed shot,Fabián Ruiz
Ligue 1 ,22,04/02/23,Home,Paris Saint-Germain,FC Toulouse,2:1,SS,58',2:1,Left-footed shot,Achraf Hakimi
Ligue 1 ,24,19/02/23,Home,Paris Saint-Germain,LOSC Lille,4:3,CF,90'+5,4:3,Direct free kick,Not Applicable
Ligue 1 ,25,26/02/23,Away,Paris Saint-Germain,Olympique Marseille,0:3,SS,29',0:2,Right-footed shot,Kylian Mbappé
Ligue 1 ,26,04/03/23,Home,Paris Saint-Germain,FC Nantes,4:2,CF,12',1:0,Left-footed shot,Not Applicable
Ligue 1 ,30,08/04/23,Away,Paris Saint-Germain,OGC Nice,0:2,CF,26',0:1,Left-footed shot,Nuno Mendes
Ligue 1 ,31,15/04/23,Home,Paris Saint-Germain,RC Lens,3:1,CF,40',3:0,Left-footed shot,Kylian Mbappé
Ligue 1 ,37,27/05/23,Away,Paris Saint-Germain,RC Strasbourg Alsace,1:1,CF,59',0:1,Left-footed shot,Kylian Mbappé
Leagues Cup ,Gruppenphase,22/07/23,Away,Inter Miami CF,CD Cruz Azul,1:2,RW,90'+4,1:2,Direct free kick,Not Applicable
Leagues Cup ,Gruppenphase,26/07/23,Home,Inter Miami CF,Atlanta United FC,4:0,RW,8',1:0,Right-footed shot,Not Applicable
Leagues Cup ,Gruppenphase,26/07/23,Home,Inter Miami CF,Atlanta United FC,4:0,RW,22',2:0,Right-footed shot,Robert Taylor
Leagues Cup ,1.Runde,03/08/23,Home,Inter Miami CF,Orlando City SC,3:1,RW,7',1:0,Left-footed shot,Robert Taylor
Leagues Cup ,1.Runde,03/08/23,Home,Inter Miami CF,Orlando City SC,3:1,RW,72',3:1,Right-footed shot,Josef Martínez
Leagues Cup ,Achtelfinale,07/08/23,Away,Inter Miami CF,FC Dallas,7:9,RW,6',0:1,Left-footed shot,Jordi Alba
Leagues Cup ,Achtelfinale,07/08/23,Away,Inter Miami CF,FC Dallas,7:9,RW,85',4:4,Direct free kick,Not Applicable
Leagues Cup ,Viertelfinale,12/08/23,Home,Inter Miami CF,Charlotte FC,4:0,RW,86',4:0,Left-footed shot,Leonardo Campana
Leagues Cup ,Halbfinale,16/08/23,Away,Inter Miami CF,Philadelphia Union,1:4,RW,20',0:2,Left-footed shot,Josef Martínez
Leagues Cup ,Finale,20/08/23,Away,Inter Miami CF,Nashville SC,10:11,RW,23',0:1,Left-footed shot,Not Applicable
MLS ,28,27/08/23,Away,Inter Miami CF,New York Red Bulls,0:2,CF,89',0:2,Left-footed shot,Benja Cremaschi
MLS ,1,26/02/24,Away,Inter Miami CF,Los Angeles Galaxy,1:1,RW,90'+2,1:1,Left-footed shot,Jordi Alba
MLS ,2,02/03/24,Home,Inter Miami CF,Orlando City SC,5:0,RW,57',4:0,Chest,Not Applicable
MLS ,2,02/03/24,Home,Inter Miami CF,Orlando City SC,5:0,RW,62',5:0,Header,Luis Suárez
CONCACAF Champions Cup ,Achtelfinale,08/03/24,Away,Inter Miami CF,Nashville SC,2:2,CF,52',2:1,Not reported,Luis Suárez
CONCACAF Champions Cup ,Achtelfinale,14/03/24,Home,Inter Miami CF,Nashville SC,3:1,CF,23',2:0,Left-footed shot,Diego Gómez
MLS ,7,07/04/24,Home,Inter Miami CF,Colorado Rapids,2:2,CF,57',1:1,Left-footed shot,Franco Negri
MLS ,8,14/04/24,Away,Inter Miami CF,Sporting Kansas City,2:3,RW,51',1:2,Left-footed shot,David Ruíz
MLS ,9,21/04/24,Home,Inter Miami CF,Nashville SC,3:1,RW,11',1:1,Left-footed shot,Luis Suárez
MLS ,9,21/04/24,Home,Inter Miami CF,Nashville SC,3:1,RW,81',3:1,Penalty,Not Applicable
MLS ,10,28/04/24,Away,Inter Miami CF,New England Revolution,1:4,RW,32',1:1,Left-footed shot,Robert Taylor
MLS ,10,28/04/24,Away,Inter Miami CF,New England Revolution,1:4,RW,67',1:2,Left-footed shot,Sergio Busquets
MLS ,11,05/05/24,Home,Inter Miami CF,New York Red Bulls,6:2,RW,50',2:1,Left-footed shot,Luis Suárez
MLS ,16,30/05/24,Home,Inter Miami CF,Atlanta United FC,1:3,RW,62',1:2,Left-footed shot,Sergio Busquets
MLS ,17,02/06/24,Home,Inter Miami CF,St. Louis CITY SC,3:3,RW,25',1:1,Left-footed shot,Jordi Alba
MLS ,31,15/09/24,Home,Inter Miami CF,Philadelphia Union,3:1,RW,26',1:1,Right-footed shot,Luis Suárez
MLS ,31,15/09/24,Home,Inter Miami CF,Philadelphia Union,3:1,RW,30',2:1,Left-footed shot,Jordi Alba
MLS ,34,29/09/24,Home,Inter Miami CF,Charlotte FC,1:1,RW,67',1:1,Left-footed shot,Marcelo Weigandt
MLS ,35,03/10/24,Away,Inter Miami CF,Columbus Crew,2:3,RW,45',0:1,Left-footed shot,Not Applicable
MLS ,35,03/10/24,Away,Inter Miami CF,Columbus Crew,2:3,RW,45'+5,0:2,Direct free kick,Not Applicable
MLS ,37,20/10/24,Home,Inter Miami CF,New England Revolution,6:2,RW,78',4:2,Left-footed shot,Luis Suárez
MLS ,37,20/10/24,Home,Inter Miami CF,New England Revolution,6:2,RW,81',5:2,Left-footed shot,Jordi Alba
MLS ,37,20/10/24,Home,Inter Miami CF,New England Revolution,6:2,RW,89',6:2,Left-footed shot,Luis Suárez
MLS Cup Playoffs ,1.Runde,10/11/24,Home,Inter Miami CF,Atlanta United FC,2:3,RW,65',2:2,Header,Marcelo Weigandt
CONCACAF Champions Cup ,1.Runde,20/02/25,Away,Inter Miami CF,Sporting Kansas City,0:1,SS,56',0:1,Right-footed shot,Sergio Busquets
CONCACAF Champions Cup ,1.Runde,26/02/25,Home,Inter Miami CF,Sporting Kansas City,3:1,SS,19',1:0,Left-footed shot,Luis Suárez
CONCACAF Champions Cup ,Achtelfinale,14/03/25,Away,Inter Miami CF,Cavalier FC,0:2,Not Applicable,90'+2,0:2,Left-footed shot,Santiago Morales
MLS ,4,17/03/25,Away,Inter Miami CF,Atlanta United FC,1:2,CF,20',1:1,Left-footed shot,Not Applicable
MLS ,6,30/03/25,Home,Inter Miami CF,Philadelphia Union,2:1,RW,57',2:0,Right-footed shot,Luis Suárez
MLS ,7,07/04/25,Home,Inter Miami CF,Toronto FC,1:1,CF,45'+5,1:1,Left-footed shot,Telasco Segovia
CONCACAF Champions Cup ,Viertelfinale,10/04/25,Home,Inter Miami CF,Los Angeles FC,3:1,SS,35',1:1,Left-footed shot,Not Applicable
CONCACAF Champions Cup ,Viertelfinale,10/04/25,Home,Inter Miami CF,Los Angeles FC,3:1,SS,84',3:1,Penalty,Not Applicable
MLS ,11,04/05/25,Home,Inter Miami CF,New York Red Bulls,4:1,CF,67',4:1,Left-footed shot,Telasco Segovia
MLS ,12,10/05/25,Away,Inter Miami CF,Minnesota United FC,4:1,CF,48',2:1,Left-footed shot,Jordi Alba
MLS ,15,25/05/25,Away,Inter Miami CF,Philadelphia Union,3:3,CF,87',3:2,Direct free kick,Not Applicable
MLS ,16,29/05/25,Home,Inter Miami CF,CF Montréal,4:2,CF,27',1:0,Left-footed shot,Sergio Busquets
MLS ,16,29/05/25,Home,Inter Miami CF,CF Montréal,4:2,CF,87',4:1,Left-footed shot,Luis Suárez
MLS ,17,01/06/25,Home,Inter Miami CF,Columbus Crew,5:1,CF,15',2:0,Left-footed shot,Not Applicable
MLS ,17,01/06/25,Home,Inter Miami CF,Columbus Crew,5:1,CF,24',3:0,Left-footed shot,Sergio Busquets
Club World Cup ,Gruppenphase,19/06/25,Home,Inter Miami CF,FC Porto,2:1,SS,54',2:1,Direct free kick,Not Applicable
MLS ,22,06/07/25,Away,Inter Miami CF,CF Montréal,1:4,RW,40',1:2,Left-footed shot,Luis Suárez
MLS ,22,06/07/25,Away,Inter Miami CF,CF Montréal,1:4,RW,62',1:4,Left-footed shot,Luis Suárez
MLS ,23,10/07/25,Away,Inter Miami CF,New England Revolution,1:2,CF,27',0:1,Left-footed shot,Not Applicable
MLS ,23,10/07/25,Away,Inter Miami CF,New England Revolution,1:2,CF,38',0:2,Left-footed shot,Sergio Busquets
MLS ,23,13/07/25,Home,Inter Miami CF,Nashville SC,2:1,CF,17',1:0,Direct free kick,Not Applicable
MLS ,23,13/07/25,Home,Inter Miami CF,Nashville SC,2:1,CF,62',2:1,Left-footed shot,Not Applicable
MLS ,25,20/07/25,Away,Inter Miami CF,New York Red Bulls,1:5,CF,60',1:4,Left-footed shot,Sergio Busquets
MLS ,25,20/07/25,Away,Inter Miami CF,New York Red Bulls,1:5,CF,75',1:5,Left-footed shot,Luis Suárez
MLS ,28,17/08/25,Home,Inter Miami CF,Los Angeles Galaxy,3:1,SS,84',2:1,Left-footed shot,Rodrigo De Paul
Leagues Cup ,Halbfinale,28/08/25,Home,Inter Miami CF,Orlando City SC,3:1,CF,77',1:1,Penalty,Not Applicable
Leagues Cup ,Halbfinale,28/08/25,Home,Inter Miami CF,Orlando City SC,3:1,CF,88',2:1,Not reported,Jordi Alba
MLS ,33,17/09/25,Home,Inter Miami CF,Seattle Sounders FC,3:1,CF,41',2:0,Left-footed shot,Jordi Alba
MLS ,33,21/09/25,Home,Inter Miami CF,D.C. United,3:2,CF,66',2:1,Left-footed shot,Jordi Alba
MLS ,33,21/09/25,Home,Inter Miami CF,D.C. United,3:2,CF,85',3:1,Left-footed shot,Sergio Busquets
MLS ,34,25/09/25,Away,Inter Miami CF,New York City FC,0:4,SS,74',0:2,Left-footed shot,Sergio Busquets
MLS ,34,25/09/25,Away,Inter Miami CF,New York City FC,0:4,SS,86',0:4,Right-footed shot,Marcelo Weigandt
MLS ,21,12/10/25,Home,Inter Miami CF,Atlanta United FC,4:0,AM,39',1:0,Left-footed shot,Baltasar Rodríguez
MLS ,21,12/10/25,Home,Inter Miami CF,Atlanta United FC,4:0,AM,87',4:0,Left-footed shot,Jordi Alba
MLS ,36,19/10/25,Away,Inter Miami CF,Nashville SC,2:5,CF,34',0:1,Left-footed shot,Jordi Alba
MLS ,36,19/10/25,Away,Inter Miami CF,Nashville SC,2:5,CF,63',2:2,Penalty,Not Applicable
MLS ,36,19/10/25,Away,Inter Miami CF,Nashville SC,2:5,CF,81',2:4,Left-footed shot,Ian Fray
MLS Cup Playoffs ,1.Runde,25/10/25,Home,Inter Miami CF,Nashville SC,3:1,CF,19',1:0,Header,Luis Suárez
MLS Cup Playoffs ,1.Runde,25/10/25,Home,Inter Miami CF,Nashville SC,3:1,CF,90'+6,3:0,Left-footed shot,Not Applicable
MLS Cup Playoffs ,1.Runde,02/11/25,Away,Inter Miami CF,Nashville SC,2:1,AM,89',2:1,Left-footed shot,Rodrigo De Paul
MLS Cup Playoffs ,1.Runde,09/11/25,Home,Inter Miami CF,Nashville SC,4:0,CF,10',1:0,Left-footed shot,Tadeo Allende
MLS Cup Playoffs ,1.Runde,09/11/25,Home,Inter Miami CF,Nashville SC,4:0,CF,39',2:0,Left-footed shot,Mateo Silvetti
