Tournament,Matchday,Date,Venue,Club,Opponent,Result,Position,Minute,When Scored,Goal Type,Assist
Campeonato Paulista ,14,16/03/09,Home,Santos FC,Mogi Mirim EC,3:0,LW,73',3:0,Not reported,Not Applicable
Copa do Brasil ,1.Runde,19/03/09,Home,Santos FC,Rio Branco Football Club (AC),4:0,Not Applicable,59',1:0,Not reported,Not Applicable
Campeonato Paulista ,16,26/03/09,Home,Santos FC,EC Santo André,3:0,Not Applicable,66',3:0,Not reported,Not Applicable
Paulistão A1 - Fase Final ,Halbfinale,11/04/09,Home,Santos FC,Sociedade Esportiva Palmeiras,2:1,Not Applicable,46',2:1,Not reported,Not Applicable
Série A ,7,21/06/09,Home,Santos FC,Clube Atlético Mineiro,2:3,Not Applicable,45',1:0,Left-footed shot,Not Applicable
Série A ,11,15/07/09,Home,Santos FC,Grêmio Barueri Futebol Ltda.,3:3,Not Applicable,88',3:3,Header,Luizinho
Série A ,13,22/07/09,Home,Santos FC,Atlético Paranaense,1:0,Not Applicable,72',1:0,Left-footed shot,Roni
Série A ,15,29/07/09,Away,Santos FC,Clube Náutico Capibaribe,1:2,Not Applicable,67',0:1,Header,Madson
Série A ,34,07/11/09,Home,Santos FC,Clube Náutico Capibaribe,3:1,Not Applicable,58',2:0,Right-footed shot,Madson
Série A ,34,07/11/09,Home,Santos FC,Clube Náutico Capibaribe,3:1,Not Applicable,89',3:1,Left-footed shot,Madson
Série A ,35,15/11/09,Away,Santos FC,Sport Club Internacional,3:1,Not Applicable,63',2:1,Right-footed shot,Felipe Azevedo
Série A ,36,22/11/09,Home,Santos FC,Coritiba Foot Ball Club,4:0,Not Applicable,64',3:0,Left-footed shot,Madson
Série A ,36,22/11/09,Home,Santos FC,Coritiba Foot Ball Club,4:0,Not Applicable,88',4:0,Right-footed shot,Ganso
Série A ,38,06/12/09,Home,Santos FC,Cruzeiro Esporte Clube,1:2,Not Applicable,70',1:1,Right-footed shot,Not Applicable
Campeonato Paulista ,1,18/01/10,Away,Santos FC,Rio Branco EC (SP),0:4,Not Applicable,20',0:2,Not reported,Not Applicable
Campeonato Paulista ,1,18/01/10,Away,Santos FC,Rio Branco EC (SP),0:4,Not Applicable,89',0:4,Not reported,Not Applicable
Campeonato Paulista ,4,28/01/10,Home,Santos FC,Grêmio Barueri Futebol Ltda.,5:0,Not Applicable,78',4:0,Not reported,Not Applicable
Campeonato Paulista ,4,28/01/10,Home,Santos FC,Grêmio Barueri Futebol Ltda.,5:0,Not Applicable,86',5:0,Penalty,Not Applicable
Campeonato Paulista ,5,31/01/10,Home,Santos FC,Oeste FC,2:0,Not Applicable,90'+2,2:0,Not reported,Not Applicable
Campeonato Paulista ,6,05/02/10,Away,Santos FC,EC Santo André,1:2,Not Applicable,24',0:1,Not reported,Not Applicable
Campeonato Paulista ,7,07/02/10,Away,Santos FC,São Paulo Futebol Clube,1:2,Not Applicable,38',0:1,Penalty,Not Applicable
Campeonato Paulista ,11,28/02/10,Home,Santos FC,Sport Club Corinthians Paulista,2:1,Not Applicable,33',1:0,Right-footed shot,Marquinhos
Copa do Brasil ,1.Runde,11/03/10,Home,Santos FC,Clube Esportivo Naviraiense (MS),10:0,Not Applicable,28',3:0,Solo run,Robinho
Copa do Brasil ,1.Runde,11/03/10,Home,Santos FC,Clube Esportivo Naviraiense (MS),10:0,Not Applicable,54',7:0,Solo run,Giovanni
Campeonato Paulista ,14,14/03/10,Home,Santos FC,Sociedade Esportiva Palmeiras,3:4,Not Applicable,30',2:0,Not reported,Not Applicable
Copa do Brasil ,2.Runde,19/03/10,Away,Santos FC,Clube do Remo (PA),0:4,Not Applicable,21',0:1,Not reported,Marquinhos
Copa do Brasil ,2.Runde,19/03/10,Away,Santos FC,Clube do Remo (PA),0:4,Not Applicable,81',0:4,Penalty,Not Applicable
Campeonato Paulista ,18,04/04/10,Away,Santos FC,AD São Caetano (SP),1:3,Not Applicable,67',1:2,Not reported,Not Applicable
Copa do Brasil ,Achtelfinale,15/04/10,Home,Santos FC,Guarani Futebol Clube (SP),8:1,Not Applicable,2',1:0,Penalty,Not Applicable
Copa do Brasil ,Achtelfinale,15/04/10,Home,Santos FC,Guarani Futebol Clube (SP),8:1,Not Applicable,29',2:0,Left-footed shot,Not Applicable
Copa do Brasil ,Achtelfinale,15/04/10,Home,Santos FC,Guarani Futebol Clube (SP),8:1,Not Applicable,38',4:0,Left-footed shot,Arouca
Copa do Brasil ,Achtelfinale,15/04/10,Home,Santos FC,Guarani Futebol Clube (SP),8:1,Not Applicable,81',7:1,Right-footed shot,Robinho
Copa do Brasil ,Achtelfinale,15/04/10,Home,Santos FC,Guarani Futebol Clube (SP),8:1,Not Applicable,84',8:1,Right-footed shot,Robinho
Paulistão A1 - Fase Final ,Halbfinale,18/04/10,Home,Santos FC,São Paulo Futebol Clube,3:0,Not Applicable,59',1:0,Not reported,Not Applicable
Paulistão A1 - Fase Final ,Halbfinale,18/04/10,Home,Santos FC,São Paulo Futebol Clube,3:0,Not Applicable,84',2:0,Penalty,Not Applicable
Paulistão A1 - Fase Final ,Finale,25/04/10,Home,Santos FC,EC Santo André,2:3,Not Applicable,7',1:1,Not reported,Not Applicable
Paulistão A1 - Fase Final ,Finale,25/04/10,Home,Santos FC,EC Santo André,2:3,Not Applicable,32',2:2,Not reported,Not Applicable
Copa do Brasil ,Viertelfinale,06/05/10,Home,Santos FC,Clube Atlético Mineiro,3:1,Not Applicable,44',2:0,Not reported,Not Applicable
Série A ,1,08/05/10,Away,Santos FC,Botafogo de Futebol e Regatas,3:3,Not Applicable,29',1:1,Right-footed shot,Marquinhos
Série A ,2,16/05/10,Home,Santos FC,Ceará Sporting Club,1:1,Not Applicable,38',1:1,Penalty,Not Applicable
Série A ,4,26/05/10,Home,Santos FC,Guarani Futebol Clube (SP),3:1,Not Applicable,2',1:0,Right-footed shot,Ganso
Copa do Brasil ,Finale,29/07/10,Home,Santos FC,Esporte Clube Vitória,2:0,Not Applicable,14',1:0,Chest,Pará
Série A ,15,22/08/10,Home,Santos FC,Clube Atlético Mineiro,2:0,Not Applicable,55',1:0,Penalty,Not Applicable
Série A ,16,25/08/10,Away,Santos FC,Grêmio Foot-Ball Porto Alegrense,1:2,Not Applicable,68',1:1,Penalty,Not Applicable
Série A ,18,02/09/10,Home,Santos FC,Avaí FC,2:1,Not Applicable,1',1:0,Right-footed shot,Not Applicable
Série A ,24,22/09/10,Home,Santos FC,Sport Club Corinthians Paulista,2:3,Not Applicable,27',2:1,Tap-in,Marcel
Série A ,25,25/09/10,Home,Santos FC,Cruzeiro Esporte Clube,4:1,Not Applicable,90'+1,4:1,Right-footed shot,Not Applicable
Série A ,13,13/10/10,Home,Santos FC,Sport Club Internacional,1:0,Not Applicable,27',1:0,Left-footed shot,Danilo
Série A ,30,17/10/10,Away,Santos FC,São Paulo Futebol Clube,4:3,Not Applicable,70',3:3,Penalty,Not Applicable
Série A ,33,03/11/10,Home,Santos FC,Esporte Clube Vitória,1:1,Not Applicable,33',1:0,Right-footed shot,Marquinhos
Série A ,34,07/11/10,Away,Santos FC,Clube Atlético Mineiro,2:2,Not Applicable,17',0:1,Right-footed shot,Not Applicable
Série A ,34,07/11/10,Away,Santos FC,Clube Atlético Mineiro,2:2,Not Applicable,67',2:2,Right-footed shot,Not Applicable
Série A ,36,21/11/10,Away,Santos FC,Goiás EC,1:4,Not Applicable,75',1:2,Penalty,Not Applicable
Série A ,36,21/11/10,Away,Santos FC,Goiás EC,1:4,Not Applicable,79',1:3,Right-footed shot,Not Applicable
Série A ,36,21/11/10,Away,Santos FC,Goiás EC,1:4,Not Applicable,82',1:4,Right-footed shot,Felipe Anderson
Série A ,37,28/11/10,Away,Santos FC,Avaí FC,3:2,Not Applicable,32',0:2,Right-footed shot,Arouca
Campeonato Paulista ,12,10/03/11,Home,Santos FC,Portuguesa,3:0,Not Applicable,41',1:0,Left-footed shot,Elano
Campeonato Paulista ,12,10/03/11,Home,Santos FC,Portuguesa,3:0,Not Applicable,50',2:0,Right-footed shot,Edú Dracena
Libertadores ,Gruppenphase,17/03/11,Away,Santos FC,CSD Colo-Colo,3:2,LW,49',3:2,Left-footed shot,Ganso
Libertadores ,Gruppenphase,07/04/11,Home,Santos FC,CSD Colo-Colo,3:2,LW,52',3:0,Left-footed shot,Not Applicable
Libertadores ,Gruppenphase,20/04/11,Home,Santos FC,Deportivo Táchira,3:1,SS,4',1:0,Right-footed shot,Léo
Paulistão A1 - Fase Final ,Viertelfinale,23/04/11,Home,Santos FC,Associação Atlética Ponte Preta,1:0,Not Applicable,21',1:0,Left-footed shot,Elano
Paulistão A1 - Fase Final ,Finale,15/05/11,Home,Santos FC,Sport Club Corinthians Paulista,2:1,Not Applicable,83',2:0,Right-footed shot,Zé Love
Libertadores ,Viertelfinale,19/05/11,Home,Santos FC,Once Caldas,1:1,SS,11',1:0,Not reported,Not Applicable
Libertadores ,Halbfinale,02/06/11,Away,Santos FC,Club Cerro Porteño,3:3,Not Applicable,45'+2,1:3,Right-footed shot,Arouca
Libertadores ,Finale,23/06/11,Home,Santos FC,CA Peñarol,2:1,SS,47',1:0,Right-footed shot,Arouca
Série A ,12,27/07/11,Home,Santos FC,CR Flamengo,4:5,SS,26',3:0,Right-footed shot,Borges
Série A ,12,27/07/11,Home,Santos FC,CR Flamengo,4:5,SS,51',4:3,Right-footed shot,Léo
Série A ,13,31/07/11,Away,Santos FC,Atlético Paranaense,3:2,Not Applicable,13',2:1,Left-footed shot,Not Applicable
Série A ,18,21/08/11,Away,Santos FC,Esporte Clube Bahia,1:2,Not Applicable,3',0:1,Penalty,Not Applicable
Série A ,27,01/10/11,Away,Santos FC,Fluminense Football Club,3:2,Not Applicable,32',0:1,Right-footed shot,Rafael Cabral
Série A ,21,19/10/11,Home,Santos FC,Botafogo de Futebol e Regatas,2:0,Not Applicable,15',1:0,Solo run,Not Applicable
Série A ,31,23/10/11,Away,Santos FC,CR Flamengo,1:1,Not Applicable,48',0:1,Penalty,Not Applicable
Série A ,32,29/10/11,Home,Santos FC,Atlético Paranaense,4:1,Not Applicable,2',1:0,Penalty,Not Applicable
Série A ,32,29/10/11,Home,Santos FC,Atlético Paranaense,4:1,Not Applicable,54',2:1,Penalty,Not Applicable
Série A ,32,29/10/11,Home,Santos FC,Atlético Paranaense,4:1,Not Applicable,56',3:1,Left-footed shot,Wason Rentería
Série A ,32,29/10/11,Home,Santos FC,Atlético Paranaense,4:1,Not Applicable,70',4:1,Right-footed shot,Adriano
Série A ,33,06/11/11,Home,Santos FC,Clube de Regatas Vasco da Gama,2:0,Not Applicable,3',1:0,Direct free kick,Not Applicable
Série A ,37,27/11/11,Home,Santos FC,Esporte Clube Bahia,1:1,Not Applicable,31',1:1,Right-footed shot,Ganso
Club World Cup ,Halbfinale,14/12/11,Away,Santos FC,Kashiwa Reysol,1:3,LW,19',0:1,Left-footed shot,Ganso
Campeonato Paulista ,5,05/02/12,Home,Santos FC,Sociedade Esportiva Palmeiras,1:2,Not Applicable,70',1:0,Not reported,Not Applicable
Campeonato Paulista ,6,10/02/12,Away,Santos FC,Botafogo FC,1:4,Not Applicable,76',1:1,Not reported,Not Applicable
Campeonato Paulista ,6,10/02/12,Away,Santos FC,Botafogo FC,1:4,Not Applicable,78',1:2,Penalty,Not Applicable
Campeonato Paulista ,6,10/02/12,Away,Santos FC,Botafogo FC,1:4,Not Applicable,88',1:3,Not reported,Not Applicable
Campeonato Paulista ,10,25/02/12,Home,Santos FC,Associação Atlética Ponte Preta,6:1,Not Applicable,27',1:0,Not reported,Not Applicable
Campeonato Paulista ,10,25/02/12,Home,Santos FC,Associação Atlética Ponte Preta,6:1,Not Applicable,77',6:1,Not reported,Not Applicable
Libertadores ,Gruppenphase,07/03/12,Home,Santos FC,Sport Club Internacional,3:1,CF,19',1:0,Penalty,Not Applicable
Libertadores ,Gruppenphase,07/03/12,Home,Santos FC,Sport Club Internacional,3:1,CF,54',2:0,Solo run,Juan
Libertadores ,Gruppenphase,07/03/12,Home,Santos FC,Sport Club Internacional,3:1,CF,65',3:1,Solo run,Ganso
Campeonato Paulista ,14,18/03/12,Away,Santos FC,São Paulo Futebol Clube,3:2,Not Applicable,76',2:2,Not reported,Not Applicable
Libertadores ,Gruppenphase,23/03/12,Home,Santos FC,Club Juan Aurich,2:0,CF,59',2:0,Not reported,Borges
Campeonato Paulista ,16,30/03/12,Home,Santos FC,Guaratinguetá (SP),5:0,Not Applicable,3',1:0,Not reported,Not Applicable
Campeonato Paulista ,16,30/03/12,Home,Santos FC,Guaratinguetá (SP),5:0,Not Applicable,42',4:0,Penalty,Not Applicable
Campeonato Paulista ,16,30/03/12,Home,Santos FC,Guaratinguetá (SP),5:0,Not Applicable,87',5:0,Penalty,Not Applicable
Campeonato Paulista ,18,08/04/12,Away,Santos FC,AD São Caetano (SP),2:1,Not Applicable,31',0:1,Not reported,Not Applicable
Campeonato Paulista ,19,15/04/12,Home,Santos FC,Grêmio Catanduvense (SP),5:0,Not Applicable,63',3:0,Not reported,Not Applicable
Libertadores ,Gruppenphase,20/04/12,Home,Santos FC,The Strongest La Paz,2:0,CF,88',2:0,Not reported,Not Applicable
Paulistão A1 - Fase Final ,Viertelfinale,22/04/12,Home,Santos FC,Mogi Mirim EC,2:0,Not Applicable,71',2:0,Not reported,Not Applicable
Paulistão A1 - Fase Final ,Halbfinale,29/04/12,Away,Santos FC,São Paulo Futebol Clube,1:3,Not Applicable,3',0:1,Penalty,Not Applicable
Paulistão A1 - Fase Final ,Halbfinale,29/04/12,Away,Santos FC,São Paulo Futebol Clube,1:3,Not Applicable,31',0:2,Not reported,Ganso
Paulistão A1 - Fase Final ,Halbfinale,29/04/12,Away,Santos FC,São Paulo Futebol Clube,1:3,Not Applicable,77',1:3,Not reported,Léo
Paulistão A1 - Fase Final ,Finale,06/05/12,Away,Santos FC,Guarani Futebol Clube (SP),0:3,Not Applicable,65',0:2,Not reported,Not Applicable
Paulistão A1 - Fase Final ,Finale,06/05/12,Away,Santos FC,Guarani Futebol Clube (SP),0:3,Not Applicable,90',0:3,Not reported,Not Applicable
Libertadores ,Achtelfinale,11/05/12,Home,Santos FC,Bolívar La Paz,8:0,CF,21',2:0,Penalty,Not Applicable
Libertadores ,Achtelfinale,11/05/12,Home,Santos FC,Bolívar La Paz,8:0,CF,36',5:0,Right-footed shot,Elano
Paulistão A1 - Fase Final ,Finale,13/05/12,Home,Santos FC,Guarani Futebol Clube (SP),4:2,Not Applicable,8',2:1,Penalty,Not Applicable
Paulistão A1 - Fase Final ,Finale,13/05/12,Home,Santos FC,Guarani Futebol Clube (SP),4:2,Not Applicable,71',3:2,Not reported,Not Applicable
Libertadores ,Halbfinale,21/06/12,Away,Santos FC,Sport Club Corinthians Paulista,1:1,LW,36',0:1,Tap-in,Not Applicable
Série A ,6,24/06/12,Home,Santos FC,Coritiba Foot Ball Club,2:2,LW,71',2:1,Right-footed shot,Alan Kardec
Série A ,8,08/07/12,Home,Santos FC,Grêmio Foot-Ball Porto Alegrense,4:2,CF,62',3:0,Header,Not Applicable
Série A ,17,16/08/12,Away,Santos FC,Figueirense Futebol Clube,1:3,CF,51',1:1,Solo run,Not Applicable
Série A ,19,25/08/12,Away,Santos FC,Sociedade Esportiva Palmeiras,1:2,CF,44',1:1,Direct free kick,Not Applicable
Série A ,19,25/08/12,Away,Santos FC,Sociedade Esportiva Palmeiras,1:2,CF,63',1:2,Right-footed shot,Ganso
Série A ,24,12/09/12,Home,Santos FC,CR Flamengo,2:0,CF,87',2:0,Right-footed shot,Bruno Peres
Série A ,25,16/09/12,Away,Santos FC,Coritiba Foot Ball Club,1:2,CF,71',1:1,Solo run,Bernardo
Série A ,25,16/09/12,Away,Santos FC,Coritiba Foot Ball Club,1:2,CF,83',1:2,Tap-in,Pato Rodríguez
Recopa Sudamericana ,Finale,27/09/12,Home,Santos FC,Club Universidad de Chile,2:0,CF,28',1:0,Right-footed shot,André Felipe
Série A ,31,17/10/12,Home,Santos FC,Clube Atlético Mineiro,2:2,CF,11',2:0,Solo run,Not Applicable
Série A ,34,03/11/12,Away,Santos FC,Cruzeiro Esporte Clube,0:4,CF,12',0:1,Right-footed shot,Arouca
Série A ,34,03/11/12,Away,Santos FC,Cruzeiro Esporte Clube,0:4,CF,36',0:2,Right-footed shot,André Felipe
Série A ,34,03/11/12,Away,Santos FC,Cruzeiro Esporte Clube,0:4,CF,82',0:4,Right-footed shot,Ezequiel Miralles
Série A ,38,01/12/12,Home,Santos FC,Sociedade Esportiva Palmeiras,3:1,CF,23',2:1,Penalty,Not Applicable
Série A ,38,01/12/12,Home,Santos FC,Sociedade Esportiva Palmeiras,3:1,CF,39',3:1,Right-footed shot,Pato Rodríguez
Campeonato Paulista ,1,20/01/13,Away,Santos FC,São Bernardo FC,1:3,Not Applicable,20',0:1,Not reported,Not Applicable
Campeonato Paulista ,1,20/01/13,Away,Santos FC,São Bernardo FC,1:3,Not Applicable,90'+2,1:3,Penalty,Not Applicable
Campeonato Paulista ,2,24/01/13,Home,Santos FC,Botafogo FC,3:0,Not Applicable,41',2:0,Not reported,Not Applicable
Campeonato Paulista ,3,28/01/13,Away,Santos FC,Clube Atlético Bragantino (SP),2:2,Not Applicable,90'+1,2:2,Penalty,Not Applicable
Campeonato Paulista ,5,03/02/13,Home,Santos FC,São Paulo Futebol Clube,3:1,Not Applicable,49',2:0,Penalty,Not Applicable
Campeonato Paulista ,7,10/02/13,Home,Santos FC,Paulista FC (SP),1:3,Not Applicable,90',1:3,Not reported,Not Applicable
Campeonato Paulista ,16,31/03/13,Away,Santos FC,Oeste FC,1:2,Not Applicable,67',0:1,Not reported,Not Applicable
Campeonato Paulista ,17,05/04/13,Home,Santos FC,AD São Caetano (SP),1:1,Not Applicable,53',1:1,Not reported,Not Applicable
Campeonato Paulista ,18,13/04/13,Away,Santos FC,União Barbarense FC (SP),0:4,Not Applicable,8',0:1,Not reported,Not Applicable
Campeonato Paulista ,18,13/04/13,Away,Santos FC,União Barbarense FC (SP),0:4,Not Applicable,27',0:2,Not reported,Not Applicable
Campeonato Paulista ,18,13/04/13,Away,Santos FC,União Barbarense FC (SP),0:4,Not Applicable,46',0:3,Not reported,Not Applicable
Campeonato Paulista ,18,13/04/13,Away,Santos FC,União Barbarense FC (SP),0:4,Not Applicable,51',0:4,Not reported,Not Applicable
Copa do Brasil ,1.Runde,17/04/13,Home,Santos FC,EC Flamengo,2:0,Not Applicable,85',2:0,Not reported,Not Applicable
Supercopa ,Finale,21/08/13,Away,FC Barcelona,Atlético de Madrid,1:1,Not Applicable,66',1:1,Header,Dani Alves
LaLiga ,6,24/09/13,Home,FC Barcelona,Real Sociedad,4:1,LW,5',1:0,Left-footed shot,Alexis Sánchez
LaLiga ,8,05/10/13,Home,FC Barcelona,Real Valladolid CF,4:1,CF,70',4:1,Right-footed shot,Alexis Sánchez
LaLiga ,10,26/10/13,Home,FC Barcelona,Real Madrid,2:1,LW,19',1:0,Right-footed shot,Andrés Iniesta
LaLiga ,13,10/11/13,Away,FC Barcelona,Real Betis Balompié,1:4,LW,36',0:1,Right-footed shot,Cesc Fàbregas
Champions League ,Gruppenphase,11/12/13,Home,FC Barcelona,Celtic FC,6:1,CF,45',3:0,Right-footed shot,Martín Montoya
Champions League ,Gruppenphase,11/12/13,Home,FC Barcelona,Celtic FC,6:1,CF,48',4:0,Left-footed shot,Xavi
Champions League ,Gruppenphase,11/12/13,Home,FC Barcelona,Celtic FC,6:1,CF,58',5:0,Right-footed shot,Adriano
LaLiga ,16,14/12/13,Home,FC Barcelona,Villarreal CF,2:1,LW,30',1:0,Penalty,Not Applicable
LaLiga ,16,14/12/13,Home,FC Barcelona,Villarreal CF,2:1,LW,68',2:1,Right-footed shot,Alexis Sánchez
Copa del Rey ,4.Runde,17/12/13,Home,FC Barcelona,FC Cartagena,3:0,CF,87',3:0,Header,Andrés Iniesta
LaLiga ,24,15/02/14,Home,FC Barcelona,Rayo Vallecano,6:0,Not Applicable,89',6:0,Right-footed shot,Andrés Iniesta
LaLiga ,30,26/03/14,Home,FC Barcelona,Celta de Vigo,3:0,LW,6',1:0,Right-footed shot,Alexis Sánchez
LaLiga ,30,26/03/14,Home,FC Barcelona,Celta de Vigo,3:0,LW,67',3:0,Left-footed shot,Alexis Sánchez
Champions League ,Viertelfinale,01/04/14,Home,FC Barcelona,Atlético de Madrid,1:1,CF,71',1:1,Right-footed shot,Andrés Iniesta
LaLiga ,3,13/09/14,Home,FC Barcelona,Athletic Bilbao,2:0,Not Applicable,79',1:0,Left-footed shot,Lionel Messi
LaLiga ,3,13/09/14,Home,FC Barcelona,Athletic Bilbao,2:0,Not Applicable,84',2:0,Right-footed shot,Lionel Messi
LaLiga ,4,21/09/14,Away,FC Barcelona,Levante UD,0:5,LW,34',0:1,Right-footed shot,Lionel Messi
LaLiga ,6,27/09/14,Home,FC Barcelona,Granada CF,6:0,LW,26',1:0,Deflected shot on goal,Not Applicable
LaLiga ,6,27/09/14,Home,FC Barcelona,Granada CF,6:0,LW,45',3:0,Tap-in,Not Applicable
LaLiga ,6,27/09/14,Home,FC Barcelona,Granada CF,6:0,LW,66',5:0,Right-footed shot,Lionel Messi
Champions League ,Gruppenphase,30/09/14,Away,FC Barcelona,Paris Saint-Germain,3:2,CF,56',3:2,Right-footed shot,Dani Alves
LaLiga ,7,04/10/14,Away,FC Barcelona,Rayo Vallecano,0:2,LW,36',0:2,Right-footed shot,Munir El Haddadi
LaLiga ,8,18/10/14,Home,FC Barcelona,SD Eibar,3:0,LW,72',2:0,Right-footed shot,Dani Alves
Champions League ,Gruppenphase,21/10/14,Home,FC Barcelona,Ajax Amsterdam,3:1,LW,8',1:0,Right-footed shot,Lionel Messi
LaLiga ,9,25/10/14,Away,FC Barcelona,Real Madrid,3:1,LW,4',0:1,Right-footed shot,Luis Suárez
LaLiga ,11,08/11/14,Away,FC Barcelona,UD Almería,1:2,LW,73',1:1,Deflected shot on goal,Luis Suárez
LaLiga ,12,22/11/14,Home,FC Barcelona,Sevilla FC,5:1,LW,49',2:1,Header,Xavi
Champions League ,Gruppenphase,10/12/14,Home,FC Barcelona,Paris Saint-Germain,3:1,LW,41',2:1,Right-footed shot,Andrés Iniesta
Copa del Rey ,Achtelfinale,08/01/15,Home,FC Barcelona,Elche CF,5:0,LW,34',1:0,Right-footed shot,Luis Suárez
Copa del Rey ,Achtelfinale,08/01/15,Home,FC Barcelona,Elche CF,5:0,LW,59',5:0,Right-footed shot,Lionel Messi
LaLiga ,18,11/01/15,Home,FC Barcelona,Atlético de Madrid,3:1,LW,12',1:0,Left-footed shot,Luis Suárez
LaLiga ,20,24/01/15,Away,FC Barcelona,Elche CF,0:6,LW,69',0:3,Right-footed shot,Lionel Messi
LaLiga ,20,24/01/15,Away,FC Barcelona,Elche CF,0:6,LW,71',0:4,Right-footed shot,Lionel Messi
Copa del Rey ,Viertelfinale,28/01/15,Away,FC Barcelona,Atlético de Madrid,2:3,LW,9',1:1,Right-footed shot,Luis Suárez
Copa del Rey ,Viertelfinale,28/01/15,Away,FC Barcelona,Atlético de Madrid,2:3,LW,41',2:3,Right-footed shot,Jordi Alba
LaLiga ,21,01/02/15,Home,FC Barcelona,Villarreal CF,3:2,LW,45',1:1,Tap-in,Not Applicable
LaLiga ,22,08/02/15,Away,FC Barcelona,Athletic Bilbao,2:5,LW,65',1:4,Right-footed shot,Lionel Messi
LaLiga ,23,15/02/15,Home,FC Barcelona,Levante UD,5:0,LW,17',1:0,Right-footed shot,Lionel Messi
Copa del Rey ,Halbfinale,04/03/15,Away,FC Barcelona,Villarreal CF,1:3,LW,4',0:1,Left-footed shot,Lionel Messi
Copa del Rey ,Halbfinale,04/03/15,Away,FC Barcelona,Villarreal CF,1:3,LW,88',1:3,Header,Xavi
LaLiga ,31,11/04/15,Away,FC Barcelona,Sevilla FC,2:2,LW,31',0:2,Direct free kick,Not Applicable
Champions League ,Viertelfinale,15/04/15,Away,FC Barcelona,Paris Saint-Germain,1:3,LW,18',0:1,Right-footed shot,Lionel Messi
Champions League ,Viertelfinale,21/04/15,Home,FC Barcelona,Paris Saint-Germain,2:0,LW,14',1:0,Right-footed shot,Andrés Iniesta
Champions League ,Viertelfinale,21/04/15,Home,FC Barcelona,Paris Saint-Germain,2:0,LW,34',2:0,Header,Dani Alves
LaLiga ,33,25/04/15,Away,FC Barcelona,RCD Espanyol Barcelona,0:2,LW,17',0:1,Right-footed shot,Jordi Alba
LaLiga ,34,28/04/15,Home,FC Barcelona,Getafe CF,6:0,LW,28',3:0,Right-footed shot,Luis Suárez
LaLiga ,35,02/05/15,Away,FC Barcelona,Córdoba CF,0:8,LW,85',0:7,Penalty,Not Applicable
Champions League ,Halbfinale,06/05/15,Home,FC Barcelona,Bayern Munich,3:0,LW,90'+4,3:0,Right-footed shot,Lionel Messi
LaLiga ,36,09/05/15,Home,FC Barcelona,Real Sociedad,2:0,LW,51',1:0,Header,Not Applicable
Champions League ,Halbfinale,12/05/15,Away,FC Barcelona,Bayern Munich,3:2,LW,15',1:1,Left-footed shot,Luis Suárez
Champions League ,Halbfinale,12/05/15,Away,FC Barcelona,Bayern Munich,3:2,LW,29',1:2,Right-footed shot,Luis Suárez
Copa del Rey ,Finale,30/05/15,Away,FC Barcelona,Athletic Bilbao,1:3,LW,37',0:2,Right-footed shot,Luis Suárez
Champions League ,Finale,06/06/15,Away,FC Barcelona,Juventus FC,1:3,LW,90'+7,1:3,Left-footed shot,Pedro
LaLiga ,3,12/09/15,Away,FC Barcelona,Atlético de Madrid,1:2,LW,55',1:1,Direct free kick,Not Applicable
LaLiga ,4,20/09/15,Home,FC Barcelona,Levante UD,4:1,LW,56',2:0,Right-footed shot,Not Applicable
LaLiga ,5,23/09/15,Away,FC Barcelona,Celta de Vigo,4:1,LW,80',3:1,Right-footed shot,Lionel Messi
LaLiga ,7,03/10/15,Away,FC Barcelona,Sevilla FC,2:1,LW,74',2:1,Penalty,Not Applicable
LaLiga ,8,17/10/15,Home,FC Barcelona,Rayo Vallecano,5:2,LW,22',1:1,Penalty,Not Applicable
LaLiga ,8,17/10/15,Home,FC Barcelona,Rayo Vallecano,5:2,LW,32',2:1,Penalty,Not Applicable
LaLiga ,8,17/10/15,Home,FC Barcelona,Rayo Vallecano,5:2,LW,69',3:1,Left-footed shot,Not Applicable
LaLiga ,8,17/10/15,Home,FC Barcelona,Rayo Vallecano,5:2,LW,71',4:1,Left-footed shot,Luis Suárez
LaLiga ,10,31/10/15,Away,FC Barcelona,Getafe CF,0:2,LW,58',0:2,Left-footed shot,Sergi Roberto
Champions League ,Gruppenphase,04/11/15,Home,FC Barcelona,BATE Borisov,3:0,LW,31',1:0,Penalty,Not Applicable
Champions League ,Gruppenphase,04/11/15,Home,FC Barcelona,BATE Borisov,3:0,LW,83',3:0,Right-footed shot,Luis Suárez
LaLiga ,11,08/11/15,Home,FC Barcelona,Villarreal CF,3:0,LW,60',1:0,Left-footed shot,Sergio Busquets
LaLiga ,11,08/11/15,Home,FC Barcelona,Villarreal CF,3:0,LW,85',3:0,Right-footed shot,Luis Suárez
LaLiga ,12,21/11/15,Away,FC Barcelona,Real Madrid,0:4,LW,39',0:2,Left-footed shot,Andrés Iniesta
LaLiga ,13,28/11/15,Home,FC Barcelona,Real Sociedad,4:0,LW,22',1:0,Right-footed shot,Dani Alves
LaLiga ,13,28/11/15,Home,FC Barcelona,Real Sociedad,4:0,LW,53',3:0,Right-footed shot,Jérémy Mathieu
Copa del Rey ,Achtelfinale,06/01/16,Home,FC Barcelona,RCD Espanyol Barcelona,4:1,LW,88',4:1,Right-footed shot,Lionel Messi
LaLiga ,19,09/01/16,Home,FC Barcelona,Granada CF,4:0,LW,83',4:0,Right-footed shot,Luis Suárez
LaLiga ,20,17/01/16,Home,FC Barcelona,Athletic Bilbao,6:0,LW,31',2:0,Left-footed shot,Luis Suárez
Copa del Rey ,Viertelfinale,20/01/16,Away,FC Barcelona,Athletic Bilbao,1:2,LW,25',0:2,Right-footed shot,Sergi Roberto
Copa del Rey ,Viertelfinale,27/01/16,Home,FC Barcelona,Athletic Bilbao,3:1,LW,90'+1,3:1,Left-footed shot,Sergi Roberto
LaLiga ,24,14/02/16,Home,FC Barcelona,Celta de Vigo,6:1,LW,90'+1,6:1,Left-footed shot,Luis Suárez
LaLiga ,25,20/02/16,Away,FC Barcelona,UD Las Palmas,1:2,LW,39',1:2,Tap-in,Not Applicable
LaLiga ,29,12/03/16,Home,FC Barcelona,Getafe CF,6:0,LW,32',3:0,Right-footed shot,Lionel Messi
LaLiga ,29,12/03/16,Home,FC Barcelona,Getafe CF,6:0,LW,51',5:0,Right-footed shot,Lionel Messi
Champions League ,Achtelfinale,16/03/16,Home,FC Barcelona,Arsenal FC,3:1,LW,18',1:0,Left-footed shot,Luis Suárez
LaLiga ,30,20/03/16,Away,FC Barcelona,Villarreal CF,2:2,LW,41',0:2,Penalty,Not Applicable
LaLiga ,34,20/04/16,Away,FC Barcelona,Deportivo de La Coruña,0:8,LW,81',0:8,Left-footed shot,Luis Suárez
LaLiga ,35,23/04/16,Home,FC Barcelona,Sporting Gijón,6:0,LW,86',5:0,Penalty,Not Applicable
LaLiga ,37,08/05/16,Home,FC Barcelona,RCD Espanyol Barcelona,5:0,LW,83',5:0,Right-footed shot,Luis Suárez
Copa del Rey ,Finale,22/05/16,Home,FC Barcelona,Sevilla FC,2:0,LW,120'+3,2:0,Right-footed shot,Lionel Messi
Champions League ,Gruppenphase,13/09/16,Home,FC Barcelona,Celtic FC,7:0,LW,50',3:0,Direct free kick,Not Applicable
LaLiga ,4,17/09/16,Away,FC Barcelona,CD Leganés,1:5,LW,44',0:3,Right-footed shot,Luis Suárez
LaLiga ,6,24/09/16,Away,FC Barcelona,Sporting Gijón,0:5,LW,81',0:3,Right-footed shot,Not Applicable
LaLiga ,6,24/09/16,Away,FC Barcelona,Sporting Gijón,0:5,LW,88',0:5,Left-footed shot,Denis Suárez
LaLiga ,7,02/10/16,Away,FC Barcelona,Celta de Vigo,4:3,LW,64',3:2,Penalty,Not Applicable
Champions League ,Gruppenphase,19/10/16,Home,FC Barcelona,Manchester City,4:0,LW,89',4:0,Right-footed shot,Lionel Messi
Copa del Rey ,Achtelfinale,11/01/17,Home,FC Barcelona,Athletic Bilbao,3:1,LW,48',2:0,Penalty,Not Applicable
Copa del Rey ,Viertelfinale,19/01/17,Away,FC Barcelona,Real Sociedad,0:1,LW,21',0:1,Penalty,Not Applicable
LaLiga ,19,22/01/17,Away,FC Barcelona,SD Eibar,0:4,LW,90'+1,0:4,Right-footed shot,Aleix Vidal
LaLiga ,22,11/02/17,Away,FC Barcelona,Deportivo Alavés,0:6,LW,40',0:2,Right-footed shot,Luis Suárez
LaLiga ,25,01/03/17,Home,FC Barcelona,Sporting Gijón,6:1,LW,66',5:1,Direct free kick,Not Applicable
LaLiga ,26,04/03/17,Home,FC Barcelona,Celta de Vigo,5:0,LW,40',2:0,Right-footed shot,Lionel Messi
Champions League ,Achtelfinale,08/03/17,Home,FC Barcelona,Paris Saint-Germain,6:1,LW,88',4:1,Direct free kick,Not Applicable
Champions League ,Achtelfinale,08/03/17,Home,FC Barcelona,Paris Saint-Germain,6:1,LW,90'+1,5:1,Penalty,Not Applicable
LaLiga ,29,02/04/17,Away,FC Barcelona,Granada CF,1:4,LW,90'+1,1:4,Left-footed shot,Paco Alcácer
LaLiga ,36,06/05/17,Home,FC Barcelona,Villarreal CF,4:1,LW,21',1:0,Left-footed shot,Not Applicable
LaLiga ,37,14/05/17,Away,FC Barcelona,UD Las Palmas,1:4,LW,25',0:1,Right-footed shot,Luis Suárez
LaLiga ,37,14/05/17,Away,FC Barcelona,UD Las Palmas,1:4,LW,67',1:3,Header,Ivan Rakitic
LaLiga ,37,14/05/17,Away,FC Barcelona,UD Las Palmas,1:4,LW,71',1:4,Right-footed shot,Jordi Alba
Copa del Rey ,Finale,27/05/17,Home,FC Barcelona,Deportivo Alavés,3:1,LW,45',2:1,Right-footed shot,André Gomes
Ligue 1 ,2,13/08/17,Away,Paris Saint-Germain,EA Guingamp,0:3,LW,82',0:3,Right-footed shot,Edinson Cavani
Ligue 1 ,3,20/08/17,Home,Paris Saint-Germain,FC Toulouse,6:2,LW,31',1:1,Right-footed shot,Not Applicable
Ligue 1 ,3,20/08/17,Home,Paris Saint-Germain,FC Toulouse,6:2,LW,90',6:2,Solo run,Not Applicable
Ligue 1 ,5,08/09/17,Away,Paris Saint-Germain,FC Metz,1:5,LW,69',1:3,Long distance kick,Not Applicable
Champions League ,Gruppenphase,12/09/17,Away,Paris Saint-Germain,Celtic FC,0:5,LW,20',0:1,Right-footed shot,Adrien Rabiot
Champions League ,Gruppenphase,27/09/17,Home,Paris Saint-Germain,Bayern Munich,3:0,LW,63',3:0,Tap-in,Not Applicable
Ligue 1 ,8,30/09/17,Home,Paris Saint-Germain,FC Girondins Bordeaux,6:2,LW,5',1:0,Direct free kick,Not Applicable
Ligue 1 ,8,30/09/17,Home,Paris Saint-Germain,FC Girondins Bordeaux,6:2,LW,40',4:1,Penalty,Not Applicable
Champions League ,Gruppenphase,18/10/17,Away,Paris Saint-Germain,RSC Anderlecht,0:4,LW,66',0:3,Direct free kick,Not Applicable
Ligue 1 ,10,22/10/17,Away,Paris Saint-Germain,Olympique Marseille,2:2,LW,33',1:1,Left-footed shot,Adrien Rabiot
Champions League ,Gruppenphase,31/10/17,Home,Paris Saint-Germain,RSC Anderlecht,5:0,LW,45'+4,2:0,Right-footed shot,Julian Draxler
Champions League ,Gruppenphase,22/11/17,Home,Paris Saint-Germain,Celtic FC,7:1,LW,9',1:1,Left-footed shot,Adrien Rabiot
Champions League ,Gruppenphase,22/11/17,Home,Paris Saint-Germain,Celtic FC,7:1,LW,22',2:1,Left-footed shot,Marco Verratti
Ligue 1 ,14,26/11/17,Away,Paris Saint-Germain,AS Monaco,1:2,LW,52',0:2,Penalty,Not Applicable
Ligue 1 ,15,29/11/17,Home,Paris Saint-Germain,ESTAC Troyes,2:0,LW,73',1:0,Left-footed shot,Not Applicable
Ligue 1 ,18,16/12/17,Away,Paris Saint-Germain,Stade Rennais FC,1:4,LW,4',0:1,Tap-in,Kylian Mbappé
Ligue 1 ,18,16/12/17,Away,Paris Saint-Germain,Stade Rennais FC,1:4,LW,76',1:4,Left-footed shot,Kylian Mbappé
Coupe de France ,5.Runde,07/01/18,Away,Paris Saint-Germain,Stade Rennais FC,1:6,LW,17',0:2,Left-footed shot,Marco Verratti
Coupe de France ,5.Runde,07/01/18,Away,Paris Saint-Germain,Stade Rennais FC,1:6,LW,43',0:4,Right-footed shot,Kylian Mbappé
Coupe de la Ligue ,Viertelfinale,10/01/18,Away,Paris Saint-Germain,Amiens SC,0:2,LW,53',0:1,Penalty,Not Applicable
Ligue 1 ,21,17/01/18,Home,Paris Saint-Germain,Dijon FCO,8:0,LW,42',4:0,Direct free kick,Not Applicable
Ligue 1 ,21,17/01/18,Home,Paris Saint-Germain,Dijon FCO,8:0,LW,57',5:0,Left-footed shot,Not Applicable
Ligue 1 ,21,17/01/18,Home,Paris Saint-Germain,Dijon FCO,8:0,LW,73',6:0,Solo run,Not Applicable
Ligue 1 ,21,17/01/18,Home,Paris Saint-Germain,Dijon FCO,8:0,LW,83',8:0,Penalty,Not Applicable
Ligue 1 ,23,27/01/18,Home,Paris Saint-Germain,Montpellier HSC,4:0,LW,40',2:0,Penalty,Not Applicable
Ligue 1 ,23,27/01/18,Home,Paris Saint-Germain,Montpellier HSC,4:0,LW,82',4:0,Left-footed shot,Edinson Cavani
Ligue 1 ,24,03/02/18,Away,Paris Saint-Germain,LOSC Lille,0:3,LW,77',0:2,Direct free kick,Not Applicable
Ligue 1 ,26,17/02/18,Home,Paris Saint-Germain,RC Strasbourg Alsace,5:2,LW,21',2:1,Right-footed shot,Not Applicable
Ligue 1 ,1,12/08/18,Home,Paris Saint-Germain,SM Caen,3:0,CF,10',1:0,Left-footed shot,Christopher Nkunku
Ligue 1 ,2,18/08/18,Away,Paris Saint-Germain,EA Guingamp,1:3,LW,53',1:1,Penalty,Not Applicable
Ligue 1 ,3,25/08/18,Home,Paris Saint-Germain,Angers SCO,3:1,AM,66',3:1,Left-footed shot,Kylian Mbappé
Ligue 1 ,4,01/09/18,Away,Paris Saint-Germain,Nîmes Olympique,2:4,SS,36',0:1,Left-footed shot,Thomas Meunier
Ligue 1 ,7,26/09/18,Home,Paris Saint-Germain,Stade Reims,4:1,SS,24',2:1,Penalty,Not Applicable
Ligue 1 ,8,29/09/18,Away,Paris Saint-Germain,OGC Nice,0:3,SS,22',0:1,Right-footed shot,Moussa Diaby
Ligue 1 ,8,29/09/18,Away,Paris Saint-Germain,OGC Nice,0:3,SS,90'+2,0:3,Right-footed shot,Kylian Mbappé
Champions League ,Gruppenphase,03/10/18,Home,Paris Saint-Germain,Red Star Belgrade,6:1,SS,20',1:0,Direct free kick,Not Applicable
Champions League ,Gruppenphase,03/10/18,Home,Paris Saint-Germain,Red Star Belgrade,6:1,SS,22',2:0,Left-footed shot,Kylian Mbappé
Champions League ,Gruppenphase,03/10/18,Home,Paris Saint-Germain,Red Star Belgrade,6:1,SS,81',6:1,Direct free kick,Not Applicable
Ligue 1 ,9,07/10/18,Home,Paris Saint-Germain,Olympique Lyon,5:0,SS,9',1:0,Penalty,Not Applicable
Ligue 1 ,12,02/11/18,Home,Paris Saint-Germain,LOSC Lille,2:1,CF,84',2:0,Right-footed shot,Kylian Mbappé
Ligue 1 ,13,11/11/18,Away,Paris Saint-Germain,AS Monaco,0:4,AM,64',0:4,Penalty,Not Applicable
Champions League ,Gruppenphase,28/11/18,Home,Paris Saint-Germain,Liverpool FC,2:1,LW,37',2:0,Tap-in,Edinson Cavani
Ligue 1 ,15,02/12/18,Away,Paris Saint-Germain,FC Girondins Bordeaux,2:2,LW,34',0:1,Right-footed shot,Dani Alves
Champions League ,Gruppenphase,11/12/18,Away,Paris Saint-Germain,Red Star Belgrade,1:4,LW,40',0:2,Right-footed shot,Kylian Mbappé
Coupe de France ,5.Runde,06/01/19,Away,Paris Saint-Germain,GSI Pontivy,0:4,SS,70',0:2,Right-footed shot,Moussa Diaby
Coupe de la Ligue ,Viertelfinale,09/01/19,Home,Paris Saint-Germain,EA Guingamp,1:2,SS,63',1:0,Header,Thomas Meunier
Ligue 1 ,21,19/01/19,Home,Paris Saint-Germain,EA Guingamp,9:0,LW,11',1:0,Right-footed shot,Dani Alves
Ligue 1 ,21,19/01/19,Home,Paris Saint-Germain,EA Guingamp,9:0,LW,68',6:0,Right-footed shot,Kylian Mbappé
Coupe de France ,Finale,27/04/19,Away,Paris Saint-Germain,Stade Rennais FC,8:7,LW,21',0:2,Right-footed shot,Ángel Di María
Ligue 1 ,35,04/05/19,Home,Paris Saint-Germain,OGC Nice,1:1,SS,60',1:1,Penalty,Not Applicable
Ligue 1 ,36,11/05/19,Away,Paris Saint-Germain,Angers SCO,1:2,SS,20',0:1,Header,Dani Alves
Ligue 1 ,5,14/09/19,Home,Paris Saint-Germain,RC Strasbourg Alsace,1:0,SS,90'+2,1:0,Left-footed shot,Abdou Diallo
Ligue 1 ,6,22/09/19,Away,Paris Saint-Germain,Olympique Lyon,0:1,LW,87',0:1,Left-footed shot,Ángel Di María
Ligue 1 ,8,28/09/19,Away,Paris Saint-Germain,FC Girondins Bordeaux,0:1,CF,70',0:1,Right-footed shot,Kylian Mbappé
Ligue 1 ,9,05/10/19,Home,Paris Saint-Germain,Angers SCO,4:0,LW,90',4:0,Left-footed shot,Eric-Maxim Choupo-Moting
Ligue 1 ,16,04/12/19,Home,Paris Saint-Germain,FC Nantes,2:0,LW,85',2:0,Penalty,Not Applicable
Ligue 1 ,17,07/12/19,Away,Paris Saint-Germain,Montpellier HSC,1:3,LW,74',1:1,Direct free kick,Not Applicable
Champions League ,Gruppenphase,11/12/19,Home,Paris Saint-Germain,Galatasaray,5:0,LW,47',3:0,Left-footed shot,Kylian Mbappé
Ligue 1 ,18,15/12/19,Away,Paris Saint-Germain,AS Saint-Étienne,0:4,LW,9',0:1,Deflected shot on goal,Leandro Paredes
Ligue 1 ,19,21/12/19,Home,Paris Saint-Germain,Amiens SC,4:1,LW,46',2:0,Right-footed shot,Mauro Icardi
Coupe de la Ligue ,Viertelfinale,08/01/20,Home,Paris Saint-Germain,AS Saint-Étienne,6:1,LW,39',2:0,Right-footed shot,Ángel Di María
Ligue 1 ,20,12/01/20,Home,Paris Saint-Germain,AS Monaco,3:3,LW,3',1:0,Left-footed shot,Marco Verratti
Ligue 1 ,20,12/01/20,Home,Paris Saint-Germain,AS Monaco,3:3,LW,42',3:2,Penalty,Not Applicable
Ligue 1 ,15,15/01/20,Away,Paris Saint-Germain,AS Monaco,1:4,LW,45'+2,0:2,Penalty,Not Applicable
Ligue 1 ,21,26/01/20,Away,Paris Saint-Germain,LOSC Lille,0:2,LW,28',0:1,Right-footed shot,Marco Verratti
Ligue 1 ,21,26/01/20,Away,Paris Saint-Germain,LOSC Lille,0:2,LW,52',0:2,Penalty,Not Applicable
Champions League ,Achtelfinale,18/02/20,Away,Paris Saint-Germain,Borussia Dortmund,2:1,LW,75',1:1,Left-footed shot,Kylian Mbappé
Coupe de France ,Halbfinale,04/03/20,Away,Paris Saint-Germain,Olympique Lyon,1:5,LW,64',1:2,Penalty,Not Applicable
Champions League ,Achtelfinale,11/03/20,Home,Paris Saint-Germain,Borussia Dortmund,2:0,LW,28',1:0,Header,Ángel Di María
Coupe de France ,Finale,24/07/20,Home,Paris Saint-Germain,AS Saint-Étienne,1:0,LW,14',1:0,Left-footed shot,Not Applicable
Ligue 1 ,6,02/10/20,Home,Paris Saint-Germain,Angers SCO,6:1,LW,36',2:0,Left-footed shot,Kylian Mbappé
Ligue 1 ,6,02/10/20,Home,Paris Saint-Germain,Angers SCO,6:1,LW,47',3:0,Right-footed shot,Not Applicable
Champions League ,Gruppenphase,24/11/20,Home,Paris Saint-Germain,RB Leipzig,1:0,CF,11',1:0,Penalty,Not Applicable
Ligue 1 ,12,28/11/20,Home,Paris Saint-Germain,FC Girondins Bordeaux,2:2,LW,27',1:1,Penalty,Not Applicable
Champions League ,Gruppenphase,02/12/20,Away,Paris Saint-Germain,Manchester United,1:3,LW,6',0:1,Right-footed shot,Not Applicable
Champions League ,Gruppenphase,02/12/20,Away,Paris Saint-Germain,Manchester United,1:3,LW,90'+1,1:3,Left-footed shot,Rafinha
Champions League ,Gruppenphase,09/12/20,Home,Paris Saint-Germain,Basaksehir FK,5:1,SS,21',1:0,Right-footed shot,Marco Verratti
Champions League ,Gruppenphase,09/12/20,Home,Paris Saint-Germain,Basaksehir FK,5:1,SS,37',2:0,Counter attack goal,Kylian Mbappé
Champions League ,Gruppenphase,09/12/20,Home,Paris Saint-Germain,Basaksehir FK,5:1,SS,50',4:0,Right-footed shot,Ángel Di María
Trophée des Champions ,Finale,13/01/21,Home,Paris Saint-Germain,Olympique Marseille,2:1,LW,85',2:0,Penalty,Not Applicable
Ligue 1 ,21,22/01/21,Home,Paris Saint-Germain,Montpellier HSC,4:0,LW,60',2:0,Right-footed shot,Kylian Mbappé
Ligue 1 ,22,31/01/21,Away,Paris Saint-Germain,FC Lorient,3:2,LW,45',1:1,Penalty,Not Applicable
Ligue 1 ,22,31/01/21,Away,Paris Saint-Germain,FC Lorient,3:2,LW,58',1:2,Penalty,Not Applicable
Coupe de France ,Viertelfinale,21/04/21,Home,Paris Saint-Germain,Angers SCO,5:0,SS,65',3:0,Header,Julian Draxler
Ligue 1 ,35,01/05/21,Home,Paris Saint-Germain,RC Lens,2:1,LW,33',1:0,Right-footed shot,Julian Draxler
Ligue 1 ,36,09/05/21,Away,Paris Saint-Germain,Stade Rennais FC,1:1,LW,45'+6,0:1,Penalty,Not Applicable
Ligue 1 ,37,16/05/21,Home,Paris Saint-Germain,Stade Reims,4:0,SS,13',1:0,Penalty,Not Applicable
Ligue 1 ,6,19/09/21,Home,Paris Saint-Germain,Olympique Lyon,2:1,LW,66',1:1,Penalty,Not Applicable
Ligue 1 ,13,06/11/21,Away,Paris Saint-Germain,FC Girondins Bordeaux,2:3,LW,26',0:1,Right-footed shot,Kylian Mbappé
Ligue 1 ,13,06/11/21,Away,Paris Saint-Germain,FC Girondins Bordeaux,2:3,LW,43',0:2,Right-footed shot,Kylian Mbappé
Ligue 1 ,25,19/02/22,Away,Paris Saint-Germain,FC Nantes,3:1,LW,47',3:1,Right-footed shot,Lionel Messi
Ligue 1 ,28,13/03/22,Home,Paris Saint-Germain,FC Girondins Bordeaux,3:0,LW,52',2:0,Right-footed shot,Achraf Hakimi
Ligue 1 ,30,03/04/22,Home,Paris Saint-Germain,FC Lorient,5:1,LW,12',1:0,Right-footed shot,Kylian Mbappé
Ligue 1 ,30,03/04/22,Home,Paris Saint-Germain,FC Lorient,5:1,LW,90',5:1,Right-footed shot,Kylian Mbappé
Ligue 1 ,31,09/04/22,Away,Paris Saint-Germain,Clermont Foot 63,1:6,LW,6',0:1,Left-footed shot,Lionel Messi
Ligue 1 ,31,09/04/22,Away,Paris Saint-Germain,Clermont Foot 63,1:6,LW,71',1:3,Penalty,Not Applicable
Ligue 1 ,31,09/04/22,Away,Paris Saint-Germain,Clermont Foot 63,1:6,LW,83',1:6,Left-footed shot,Kylian Mbappé
Ligue 1 ,32,17/04/22,Home,Paris Saint-Germain,Olympique Marseille,2:1,LW,12',1:0,Left-footed shot,Marco Verratti
Ligue 1 ,36,08/05/22,Home,Paris Saint-Germain,ESTAC Troyes,2:2,LW,25',2:0,Penalty,Not Applicable
Ligue 1 ,38,21/05/22,Home,Paris Saint-Germain,FC Metz,5:0,LW,31',3:0,Right-footed shot,Not Applicable
Trophée des Champions ,Finale,31/07/22,Home,Paris Saint-Germain,FC Nantes,4:0,LW,45'+5,2:0,Direct free kick,Not Applicable
Trophée des Champions ,Finale,31/07/22,Home,Paris Saint-Germain,FC Nantes,4:0,LW,82',4:0,Penalty,Not Applicable
Ligue 1 ,1,06/08/22,Away,Paris Saint-Germain,Clermont Foot 63,0:5,LW,9',0:1,Right-footed shot,Lionel Messi
Ligue 1 ,2,13/08/22,Home,Paris Saint-Germain,Montpellier HSC,5:2,SS,43',2:0,Penalty,Not Applicable
Ligue 1 ,2,13/08/22,Home,Paris Saint-Germain,Montpellier HSC,5:2,SS,51',3:0,Header,Not Applicable
Ligue 1 ,3,21/08/22,Away,Paris Saint-Germain,LOSC Lille,1:7,LW,43',0:4,Right-footed shot,Not Applicable
Ligue 1 ,3,21/08/22,Away,Paris Saint-Germain,LOSC Lille,1:7,LW,52',0:5,Right-footed shot,Achraf Hakimi
Ligue 1 ,4,28/08/22,Home,Paris Saint-Germain,AS Monaco,1:1,LW,70',1:1,Penalty,Not Applicable
Ligue 1 ,5,31/08/22,Away,Paris Saint-Germain,FC Toulouse,0:3,LW,37',0:1,Right-footed shot,Lionel Messi
Ligue 1 ,7,10/09/22,Home,Paris Saint-Germain,Stade Brestois 29,1:0,SS,30',1:0,Left-footed shot,Lionel Messi
Champions League ,Gruppenphase,14/09/22,Away,Paris Saint-Germain,Maccabi Haifa,1:3,LW,88',1:3,Left-footed shot,Marco Verratti
Ligue 1 ,11,16/10/22,Home,Paris Saint-Germain,Olympique Marseille,1:0,AM,45'+2,1:0,Right-footed shot,Kylian Mbappé
Champions League ,Gruppenphase,25/10/22,Home,Paris Saint-Germain,Maccabi Haifa,7:2,AM,35',3:0,Right-footed shot,Lionel Messi
Ligue 1 ,13,29/10/22,Home,Paris Saint-Germain,ESTAC Troyes,4:3,LW,62',3:2,Right-footed shot,Lionel Messi
Ligue 1 ,14,06/11/22,Away,Paris Saint-Germain,FC Lorient,1:2,AM,9',0:1,Left-footed shot,Hugo Ekitiké
Coupe de France ,6.Runde,23/01/23,Away,Paris Saint-Germain,US Pays de Cassel,0:7,LW,33',0:2,Left-footed shot,Kylian Mbappé
Ligue 1 ,20,29/01/23,Home,Paris Saint-Germain,Stade Reims,1:1,LW,51',1:0,Left-footed shot,Juan Bernat
Ligue 1 ,24,19/02/23,Home,Paris Saint-Germain,LOSC Lille,4:3,AM,17',2:0,Right-footed shot,Vitinha
AFC Champions League ,Gruppenphase,03/10/23,Away,Al-Hilal SFC,FC Nassaji Mazandaran,0:3,AM,58',0:2,Left-footed shot,Nasser Al-Dawsari
Campeonato Paulista ,10,17/02/25,Home,Santos FC,EC Água Santa (SP),3:1,AM,14',1:0,Penalty,Not Applicable
Campeonato Paulista ,12,23/02/25,Away,Santos FC,AA Internacional de Limeira,0:3,AM,27',0:2,Direct corner,Not Applicable
Campeonato Paulista ,Viertelfinale,03/03/25,Home,Santos FC,Red Bull Bragantino,2:0,AM,9',1:0,Direct free kick,Not Applicable
Série A ,14,17/07/25,Home,Santos FC,CR Flamengo,1:0,AM,84',1:0,Counter attack goal,Guilherme
Série A ,18,05/08/25,Home,Santos FC,Esporte Clube Juventude,3:1,AM,37',1:0,Left-footed shot,Not Applicable
Série A ,18,05/08/25,Home,Santos FC,Esporte Clube Juventude,3:1,AM,80',3:1,Penalty,Not Applicable
Série A ,34,20/11/25,Home,Santos FC,Mirassol Futebol Clube (SP),1:1,AM,4',1:0,Counter attack goal,Lautaro Díaz
